1.00000,1.00000,1.00000,1.00000,1.00000
2.00000,2.00000,2.00000,1.00000,1.00000
3.00000,3.00000,3.00000,1.00000,1.00000
4.00000,4.00000,4.00000,1.00000,1.00000
5.00000,5.00000,5.00000,1.00000,1.00000
6.00000,6.00000,6.00000,1.00000,1.00000
7.00000,7.00000,7.00000,1.00000,1.00000
8.00000,8.00000,8.00000,1.00000,1.00000
9.00000,5.00000,5.00000,0.55556,0.55556
10.00000,2.00000,2.00000,0.20000,0.20000
11.00000,-1.00000,-1.00000,-0.09091,-0.09091
12.00000,0.00000,0.00000,0.00000,0.00000
13.00000,1.00000,1.00000,0.07692,0.07692
14.00000,2.00000,2.00000,0.14286,0.14286
15.00000,3.00000,3.00000,0.20000,0.20000
16.00000,4.00000,4.00000,0.25000,0.25000
17.00000,5.00000,5.00000,0.29412,0.29412
18.00000,6.00000,6.00000,0.33333,0.33333
19.00000,7.00000,7.00000,0.36842,0.36842
20.00000,8.00000,8.00000,0.40000,0.40000
21.00000,9.00000,9.00000,0.42857,0.42857
22.00000,10.00000,10.00000,0.45455,0.45455
23.00000,11.00000,11.00000,0.47826,0.47826
24.00000,12.00000,12.00000,0.50000,0.50000
25.00000,13.00000,13.00000,0.52000,0.52000
26.00000,14.00000,14.00000,0.53846,0.53846
27.00000,15.00000,15.00000,0.55556,0.55556
28.00000,16.00000,16.00000,0.57143,0.57143
29.00000,17.00000,17.00000,0.58621,0.58621
30.00000,7.00000,7.00000,0.23333,0.23333
31.00000,8.00000,8.00000,0.25806,0.25806
32.00000,9.00000,9.00000,0.28125,0.28125
33.00000,10.00000,10.00000,0.30303,0.30303
34.00000,11.00000,11.00000,0.32353,0.32353
35.00000,12.00000,12.00000,0.34286,0.34286
36.00000,13.00000,13.00000,0.36111,0.36111
37.00000,14.00000,14.00000,0.37838,0.37838
38.00000,15.00000,15.00000,0.39474,0.39474
39.00000,16.00000,16.00000,0.41026,0.41026
40.00000,17.00000,17.00000,0.42500,0.42500
41.00000,18.00000,18.00000,0.43902,0.43902
42.00000,19.00000,19.00000,0.45238,0.45238
43.00000,20.00000,20.00000,0.46512,0.46512
44.00000,21.00000,21.00000,0.47727,0.47727
45.00000,22.00000,22.00000,0.48889,0.48889
46.00000,23.00000,23.00000,0.50000,0.50000
47.00000,24.00000,24.00000,0.51064,0.51064
48.00000,25.00000,25.00000,0.52083,0.52083
49.00000,26.00000,26.00000,0.53061,0.53061
50.00000,27.00000,27.00000,0.54000,0.54000
51.00000,24.00000,24.00000,0.47059,0.47059
52.00000,21.00000,21.00000,0.40385,0.40385
53.00000,18.00000,18.00000,0.33962,0.33962
54.00000,15.00000,15.00000,0.27778,0.27778
55.00000,12.00000,12.00000,0.21818,0.21818
56.00000,13.00000,13.00000,0.23214,0.23214
57.00000,14.00000,14.00000,0.24561,0.24561
58.00000,15.00000,15.00000,0.25862,0.25862
59.00000,16.00000,16.00000,0.27119,0.27119
60.00000,17.00000,17.00000,0.28333,0.28333
61.00000,18.00000,18.00000,0.29508,0.29508
62.00000,19.00000,19.00000,0.30645,0.30645
63.00000,20.00000,20.00000,0.31746,0.31746
64.00000,21.00000,21.00000,0.32812,0.32812
65.00000,22.00000,22.00000,0.33846,0.33846
66.00000,23.00000,23.00000,0.34848,0.34848
67.00000,24.00000,24.00000,0.35821,0.35821
68.00000,25.00000,25.00000,0.36765,0.36765
69.00000,26.00000,26.00000,0.37681,0.37681
70.00000,27.00000,27.00000,0.38571,0.38571
71.00000,28.00000,28.00000,0.39437,0.39437
72.00000,25.00000,25.00000,0.34722,0.34722
73.00000,22.00000,22.00000,0.30137,0.30137
74.00000,23.00000,23.00000,0.31081,0.31081
75.00000,24.00000,24.00000,0.32000,0.32000
76.00000,25.00000,25.00000,0.32895,0.32895
77.00000,26.00000,26.00000,0.33766,0.33766
78.00000,27.00000,27.00000,0.34615,0.34615
79.00000,28.00000,28.00000,0.35443,0.35443
80.00000,29.00000,29.00000,0.36250,0.36250
81.00000,30.00000,30.00000,0.37037,0.37037
82.00000,31.00000,31.00000,0.37805,0.37805
83.00000,32.00000,32.00000,0.38554,0.38554
84.00000,33.00000,33.00000,0.39286,0.39286
85.00000,34.00000,34.00000,0.40000,0.40000
86.00000,31.00000,31.00000,0.36047,0.36047
87.00000,28.00000,28.00000,0.32184,0.32184
88.00000,29.00000,29.00000,0.32955,0.32955
89.00000,30.00000,30.00000,0.33708,0.33708
90.00000,31.00000,31.00000,0.34444,0.34444
91.00000,32.00000,32.00000,0.35165,0.35165
92.00000,33.00000,33.00000,0.35870,0.35870
93.00000,34.00000,34.00000,0.36559,0.36559
94.00000,35.00000,35.00000,0.37234,0.37234
95.00000,36.00000,36.00000,0.37895,0.37895
96.00000,37.00000,37.00000,0.38542,0.38542
97.00000,38.00000,38.00000,0.39175,0.39175
98.00000,35.00000,35.00000,0.35714,0.35714
99.00000,32.00000,32.00000,0.32323,0.32323
100.00000,33.00000,33.00000,0.33000,0.33000
101.00000,34.00000,34.00000,0.33663,0.33663
102.00000,35.00000,35.00000,0.34314,0.34314
103.00000,36.00000,36.00000,0.34951,0.34951
104.00000,37.00000,37.00000,0.35577,0.35577
105.00000,38.00000,38.00000,0.36190,0.36190
106.00000,39.00000,39.00000,0.36792,0.36792
107.00000,40.00000,40.00000,0.37383,0.37383
108.00000,41.00000,41.00000,0.37963,0.37963
109.00000,42.00000,42.00000,0.38532,0.38532
110.00000,43.00000,43.00000,0.39091,0.39091
111.00000,44.00000,44.00000,0.39640,0.39640
112.00000,45.00000,45.00000,0.40179,0.40179
113.00000,46.00000,46.00000,0.40708,0.40708
114.00000,47.00000,47.00000,0.41228,0.41228
115.00000,48.00000,48.00000,0.41739,0.41739
116.00000,45.00000,45.00000,0.38793,0.38793
117.00000,46.00000,46.00000,0.39316,0.39316
118.00000,47.00000,47.00000,0.39831,0.39831
119.00000,48.00000,48.00000,0.40336,0.40336
120.00000,49.00000,49.00000,0.40833,0.40833
121.00000,50.00000,50.00000,0.41322,0.41322
122.00000,51.00000,51.00000,0.41803,0.41803
123.00000,52.00000,52.00000,0.42276,0.42276
124.00000,53.00000,53.00000,0.42742,0.42742
125.00000,54.00000,54.00000,0.43200,0.43200
126.00000,55.00000,55.00000,0.43651,0.43651
127.00000,56.00000,56.00000,0.44094,0.44094
128.00000,57.00000,57.00000,0.44531,0.44531
129.00000,47.00000,47.00000,0.36434,0.36434
130.00000,48.00000,48.00000,0.36923,0.36923
131.00000,49.00000,49.00000,0.37405,0.37405
132.00000,50.00000,50.00000,0.37879,0.37879
133.00000,51.00000,51.00000,0.38346,0.38346
134.00000,52.00000,52.00000,0.38806,0.38806
135.00000,53.00000,53.00000,0.39259,0.39259
136.00000,54.00000,54.00000,0.39706,0.39706
137.00000,55.00000,55.00000,0.40146,0.40146
138.00000,56.00000,56.00000,0.40580,0.40580
139.00000,57.00000,57.00000,0.41007,0.41007
140.00000,58.00000,58.00000,0.41429,0.41429
141.00000,59.00000,59.00000,0.41844,0.41844
142.00000,60.00000,60.00000,0.42254,0.42254
143.00000,61.00000,61.00000,0.42657,0.42657
144.00000,62.00000,62.00000,0.43056,0.43056
145.00000,63.00000,63.00000,0.43448,0.43448
146.00000,64.00000,64.00000,0.43836,0.43836
147.00000,65.00000,65.00000,0.44218,0.44218
148.00000,66.00000,66.00000,0.44595,0.44595
149.00000,67.00000,67.00000,0.44966,0.44966
150.00000,68.00000,68.00000,0.45333,0.45333
151.00000,69.00000,69.00000,0.45695,0.45695
152.00000,70.00000,70.00000,0.46053,0.46053
153.00000,71.00000,71.00000,0.46405,0.46405
154.00000,72.00000,72.00000,0.46753,0.46753
155.00000,73.00000,73.00000,0.47097,0.47097
156.00000,74.00000,74.00000,0.47436,0.47436
157.00000,75.00000,75.00000,0.47771,0.47771
158.00000,76.00000,76.00000,0.48101,0.48101
159.00000,77.00000,77.00000,0.48428,0.48428
160.00000,78.00000,78.00000,0.48750,0.48750
161.00000,79.00000,79.00000,0.49068,0.49068
162.00000,80.00000,80.00000,0.49383,0.49383
163.00000,77.00000,77.00000,0.47239,0.47239
164.00000,78.00000,78.00000,0.47561,0.47561
165.00000,75.00000,75.00000,0.45455,0.45455
166.00000,76.00000,76.00000,0.45783,0.45783
167.00000,77.00000,77.00000,0.46108,0.46108
168.00000,78.00000,78.00000,0.46429,0.46429
169.00000,79.00000,79.00000,0.46746,0.46746
170.00000,80.00000,80.00000,0.47059,0.47059
171.00000,81.00000,81.00000,0.47368,0.47368
172.00000,78.00000,78.00000,0.45349,0.45349
173.00000,75.00000,75.00000,0.43353,0.43353
174.00000,76.00000,76.00000,0.43678,0.43678
175.00000,73.00000,73.00000,0.41714,0.41714
176.00000,74.00000,74.00000,0.42045,0.42045
177.00000,75.00000,75.00000,0.42373,0.42373
178.00000,76.00000,76.00000,0.42697,0.42697
179.00000,77.00000,77.00000,0.43017,0.43017
180.00000,78.00000,78.00000,0.43333,0.43333
181.00000,79.00000,79.00000,0.43646,0.43646
182.00000,80.00000,80.00000,0.43956,0.43956
183.00000,81.00000,81.00000,0.44262,0.44262
184.00000,82.00000,82.00000,0.44565,0.44565
185.00000,83.00000,83.00000,0.44865,0.44865
186.00000,84.00000,84.00000,0.45161,0.45161
187.00000,85.00000,85.00000,0.45455,0.45455
188.00000,86.00000,86.00000,0.45745,0.45745
189.00000,87.00000,87.00000,0.46032,0.46032
190.00000,88.00000,88.00000,0.46316,0.46316
191.00000,89.00000,89.00000,0.46597,0.46597
192.00000,86.00000,86.00000,0.44792,0.44792
193.00000,87.00000,87.00000,0.45078,0.45078
194.00000,84.00000,84.00000,0.43299,0.43299
195.00000,81.00000,81.00000,0.41538,0.41538
196.00000,78.00000,78.00000,0.39796,0.39796
197.00000,75.00000,75.00000,0.38071,0.38071
198.00000,76.00000,76.00000,0.38384,0.38384
199.00000,73.00000,73.00000,0.36683,0.36683
200.00000,74.00000,74.00000,0.37000,0.37000
201.00000,75.00000,75.00000,0.37313,0.37313
202.00000,76.00000,76.00000,0.37624,0.37624
203.00000,77.00000,77.00000,0.37931,0.37931
204.00000,74.00000,74.00000,0.36275,0.36275
205.00000,75.00000,75.00000,0.36585,0.36585
206.00000,76.00000,76.00000,0.36893,0.36893
207.00000,77.00000,77.00000,0.37198,0.37198
208.00000,78.00000,78.00000,0.37500,0.37500
209.00000,79.00000,79.00000,0.37799,0.37799
210.00000,80.00000,80.00000,0.38095,0.38095
211.00000,81.00000,81.00000,0.38389,0.38389
212.00000,82.00000,82.00000,0.38679,0.38679
213.00000,83.00000,83.00000,0.38967,0.38967
214.00000,84.00000,84.00000,0.39252,0.39252
215.00000,81.00000,81.00000,0.37674,0.37674
216.00000,78.00000,78.00000,0.36111,0.36111
217.00000,79.00000,79.00000,0.36406,0.36406
218.00000,80.00000,80.00000,0.36697,0.36697
219.00000,81.00000,81.00000,0.36986,0.36986
220.00000,82.00000,82.00000,0.37273,0.37273
221.00000,83.00000,83.00000,0.37557,0.37557
222.00000,84.00000,84.00000,0.37838,0.37838
223.00000,85.00000,85.00000,0.38117,0.38117
224.00000,86.00000,86.00000,0.38393,0.38393
225.00000,87.00000,87.00000,0.38667,0.38667
226.00000,88.00000,88.00000,0.38938,0.38938
227.00000,89.00000,89.00000,0.39207,0.39207
228.00000,90.00000,90.00000,0.39474,0.39474
229.00000,91.00000,91.00000,0.39738,0.39738
230.00000,92.00000,92.00000,0.40000,0.40000
231.00000,93.00000,93.00000,0.40260,0.40260
232.00000,94.00000,94.00000,0.40517,0.40517
233.00000,95.00000,95.00000,0.40773,0.40773
234.00000,92.00000,92.00000,0.39316,0.39316
235.00000,89.00000,89.00000,0.37872,0.37872
236.00000,90.00000,90.00000,0.38136,0.38136
237.00000,91.00000,91.00000,0.38397,0.38397
238.00000,92.00000,92.00000,0.38655,0.38655
239.00000,93.00000,93.00000,0.38912,0.38912
240.00000,94.00000,94.00000,0.39167,0.39167
241.00000,95.00000,95.00000,0.39419,0.39419
242.00000,96.00000,96.00000,0.39669,0.39669
243.00000,97.00000,97.00000,0.39918,0.39918
244.00000,98.00000,98.00000,0.40164,0.40164
245.00000,99.00000,99.00000,0.40408,0.40408
246.00000,100.00000,100.00000,0.40650,0.40650
247.00000,101.00000,101.00000,0.40891,0.40891
248.00000,98.00000,98.00000,0.39516,0.39516
249.00000,99.00000,99.00000,0.39759,0.39759
250.00000,100.00000,100.00000,0.40000,0.40000
251.00000,101.00000,101.00000,0.40239,0.40239
252.00000,102.00000,102.00000,0.40476,0.40476
253.00000,103.00000,103.00000,0.40711,0.40711
254.00000,104.00000,104.00000,0.40945,0.40945
255.00000,105.00000,105.00000,0.41176,0.41176
256.00000,106.00000,106.00000,0.41406,0.41406
257.00000,107.00000,107.00000,0.41634,0.41634
258.00000,108.00000,108.00000,0.41860,0.41860
259.00000,109.00000,109.00000,0.42085,0.42085
260.00000,110.00000,110.00000,0.42308,0.42308
261.00000,111.00000,111.00000,0.42529,0.42529
262.00000,112.00000,112.00000,0.42748,0.42748
263.00000,109.00000,109.00000,0.41445,0.41445
264.00000,110.00000,110.00000,0.41667,0.41667
265.00000,111.00000,111.00000,0.41887,0.41887
266.00000,112.00000,112.00000,0.42105,0.42105
267.00000,113.00000,113.00000,0.42322,0.42322
268.00000,114.00000,114.00000,0.42537,0.42537
269.00000,115.00000,115.00000,0.42751,0.42751
270.00000,116.00000,116.00000,0.42963,0.42963
271.00000,117.00000,117.00000,0.43173,0.43173
272.00000,118.00000,118.00000,0.43382,0.43382
273.00000,119.00000,119.00000,0.43590,0.43590
274.00000,120.00000,120.00000,0.43796,0.43796
275.00000,121.00000,121.00000,0.44000,0.44000
276.00000,122.00000,122.00000,0.44203,0.44203
277.00000,123.00000,123.00000,0.44404,0.44404
278.00000,124.00000,124.00000,0.44604,0.44604
279.00000,125.00000,125.00000,0.44803,0.44803
280.00000,126.00000,126.00000,0.45000,0.45000
281.00000,127.00000,127.00000,0.45196,0.45196
282.00000,128.00000,128.00000,0.45390,0.45390
283.00000,129.00000,129.00000,0.45583,0.45583
284.00000,130.00000,130.00000,0.45775,0.45775
285.00000,131.00000,131.00000,0.45965,0.45965
286.00000,132.00000,132.00000,0.46154,0.46154
287.00000,133.00000,133.00000,0.46341,0.46341
288.00000,134.00000,134.00000,0.46528,0.46528
289.00000,135.00000,135.00000,0.46713,0.46713
290.00000,132.00000,132.00000,0.45517,0.45517
291.00000,129.00000,129.00000,0.44330,0.44330
292.00000,130.00000,130.00000,0.44521,0.44521
293.00000,131.00000,131.00000,0.44710,0.44710
294.00000,132.00000,132.00000,0.44898,0.44898
295.00000,133.00000,133.00000,0.45085,0.45085
296.00000,130.00000,130.00000,0.43919,0.43919
297.00000,131.00000,131.00000,0.44108,0.44108
298.00000,132.00000,132.00000,0.44295,0.44295
299.00000,133.00000,133.00000,0.44482,0.44482
300.00000,134.00000,134.00000,0.44667,0.44667
301.00000,131.00000,131.00000,0.43522,0.43522
302.00000,132.00000,132.00000,0.43709,0.43709
303.00000,133.00000,133.00000,0.43894,0.43894
304.00000,134.00000,134.00000,0.44079,0.44079
305.00000,135.00000,135.00000,0.44262,0.44262
306.00000,136.00000,136.00000,0.44444,0.44444
307.00000,137.00000,137.00000,0.44625,0.44625
308.00000,138.00000,138.00000,0.44805,0.44805
309.00000,139.00000,139.00000,0.44984,0.44984
310.00000,140.00000,140.00000,0.45161,0.45161
311.00000,141.00000,141.00000,0.45338,0.45338
312.00000,142.00000,142.00000,0.45513,0.45513
313.00000,143.00000,143.00000,0.45687,0.45687
314.00000,144.00000,144.00000,0.45860,0.45860
315.00000,145.00000,145.00000,0.46032,0.46032
316.00000,146.00000,146.00000,0.46203,0.46203
317.00000,147.00000,147.00000,0.46372,0.46372
318.00000,148.00000,148.00000,0.46541,0.46541
319.00000,149.00000,149.00000,0.46708,0.46708
320.00000,150.00000,150.00000,0.46875,0.46875
321.00000,151.00000,151.00000,0.47040,0.47040
322.00000,152.00000,152.00000,0.47205,0.47205
323.00000,149.00000,149.00000,0.46130,0.46130
324.00000,146.00000,146.00000,0.45062,0.45062
325.00000,143.00000,143.00000,0.44000,0.44000
326.00000,140.00000,140.00000,0.42945,0.42945
327.00000,141.00000,141.00000,0.43119,0.43119
328.00000,142.00000,142.00000,0.43293,0.43293
329.00000,143.00000,143.00000,0.43465,0.43465
330.00000,144.00000,144.00000,0.43636,0.43636
331.00000,145.00000,145.00000,0.43807,0.43807
332.00000,146.00000,146.00000,0.43976,0.43976
333.00000,147.00000,147.00000,0.44144,0.44144
334.00000,144.00000,144.00000,0.43114,0.43114
335.00000,141.00000,141.00000,0.42090,0.42090
336.00000,138.00000,138.00000,0.41071,0.41071
337.00000,139.00000,139.00000,0.41246,0.41246
338.00000,140.00000,140.00000,0.41420,0.41420
339.00000,141.00000,141.00000,0.41593,0.41593
340.00000,142.00000,142.00000,0.41765,0.41765
341.00000,143.00000,143.00000,0.41935,0.41935
342.00000,144.00000,144.00000,0.42105,0.42105
343.00000,145.00000,145.00000,0.42274,0.42274
344.00000,146.00000,146.00000,0.42442,0.42442
345.00000,147.00000,147.00000,0.42609,0.42609
346.00000,148.00000,148.00000,0.42775,0.42775
347.00000,149.00000,149.00000,0.42939,0.42939
348.00000,150.00000,150.00000,0.43103,0.43103
349.00000,151.00000,151.00000,0.43266,0.43266
350.00000,152.00000,152.00000,0.43429,0.43429
351.00000,153.00000,153.00000,0.43590,0.43590
352.00000,154.00000,154.00000,0.43750,0.43750
353.00000,155.00000,155.00000,0.43909,0.43909
354.00000,156.00000,156.00000,0.44068,0.44068
355.00000,157.00000,157.00000,0.44225,0.44225
356.00000,158.00000,158.00000,0.44382,0.44382
357.00000,155.00000,155.00000,0.43417,0.43417
358.00000,156.00000,156.00000,0.43575,0.43575
359.00000,157.00000,157.00000,0.43733,0.43733
360.00000,158.00000,158.00000,0.43889,0.43889
361.00000,159.00000,159.00000,0.44044,0.44044
362.00000,160.00000,160.00000,0.44199,0.44199
363.00000,161.00000,161.00000,0.44353,0.44353
364.00000,162.00000,162.00000,0.44505,0.44505
365.00000,163.00000,163.00000,0.44658,0.44658
366.00000,164.00000,164.00000,0.44809,0.44809
367.00000,165.00000,165.00000,0.44959,0.44959
368.00000,166.00000,166.00000,0.45109,0.45109
369.00000,167.00000,167.00000,0.45257,0.45257
370.00000,168.00000,168.00000,0.45405,0.45405
371.00000,169.00000,169.00000,0.45553,0.45553
372.00000,166.00000,166.00000,0.44624,0.44624
373.00000,167.00000,167.00000,0.44772,0.44772
374.00000,168.00000,168.00000,0.44920,0.44920
375.00000,169.00000,169.00000,0.45067,0.45067
376.00000,170.00000,170.00000,0.45213,0.45213
377.00000,171.00000,171.00000,0.45358,0.45358
378.00000,172.00000,172.00000,0.45503,0.45503
379.00000,173.00000,173.00000,0.45646,0.45646
380.00000,174.00000,174.00000,0.45789,0.45789
381.00000,175.00000,175.00000,0.45932,0.45932
382.00000,176.00000,176.00000,0.46073,0.46073
383.00000,177.00000,177.00000,0.46214,0.46214
384.00000,178.00000,178.00000,0.46354,0.46354
385.00000,179.00000,179.00000,0.46494,0.46494
386.00000,180.00000,180.00000,0.46632,0.46632
387.00000,181.00000,181.00000,0.46770,0.46770
388.00000,182.00000,182.00000,0.46907,0.46907
389.00000,183.00000,183.00000,0.47044,0.47044
390.00000,184.00000,184.00000,0.47179,0.47179
391.00000,185.00000,185.00000,0.47315,0.47315
392.00000,186.00000,186.00000,0.47449,0.47449
393.00000,187.00000,187.00000,0.47583,0.47583
394.00000,188.00000,188.00000,0.47716,0.47716
395.00000,189.00000,189.00000,0.47848,0.47848
396.00000,190.00000,190.00000,0.47980,0.47980
397.00000,187.00000,187.00000,0.47103,0.47103
398.00000,184.00000,184.00000,0.46231,0.46231
399.00000,185.00000,185.00000,0.46366,0.46366
400.00000,186.00000,186.00000,0.46500,0.46500
401.00000,187.00000,187.00000,0.46633,0.46633
402.00000,188.00000,188.00000,0.46766,0.46766
403.00000,189.00000,189.00000,0.46898,0.46898
404.00000,190.00000,190.00000,0.47030,0.47030
405.00000,191.00000,191.00000,0.47160,0.47160
406.00000,192.00000,192.00000,0.47291,0.47291
407.00000,193.00000,193.00000,0.47420,0.47420
408.00000,190.00000,190.00000,0.46569,0.46569
409.00000,191.00000,191.00000,0.46699,0.46699
410.00000,192.00000,192.00000,0.46829,0.46829
411.00000,193.00000,193.00000,0.46959,0.46959
412.00000,194.00000,194.00000,0.47087,0.47087
413.00000,191.00000,191.00000,0.46247,0.46247
414.00000,188.00000,188.00000,0.45411,0.45411
415.00000,189.00000,189.00000,0.45542,0.45542
416.00000,190.00000,190.00000,0.45673,0.45673
417.00000,191.00000,191.00000,0.45803,0.45803
418.00000,192.00000,192.00000,0.45933,0.45933
419.00000,193.00000,193.00000,0.46062,0.46062
420.00000,194.00000,194.00000,0.46190,0.46190
421.00000,195.00000,195.00000,0.46318,0.46318
422.00000,196.00000,196.00000,0.46445,0.46445
423.00000,197.00000,197.00000,0.46572,0.46572
424.00000,198.00000,198.00000,0.46698,0.46698
425.00000,195.00000,195.00000,0.45882,0.45882
426.00000,196.00000,196.00000,0.46009,0.46009
427.00000,197.00000,197.00000,0.46136,0.46136
428.00000,198.00000,198.00000,0.46262,0.46262
429.00000,199.00000,199.00000,0.46387,0.46387
430.00000,200.00000,200.00000,0.46512,0.46512
431.00000,201.00000,201.00000,0.46636,0.46636
432.00000,202.00000,202.00000,0.46759,0.46759
433.00000,203.00000,203.00000,0.46882,0.46882
434.00000,204.00000,204.00000,0.47005,0.47005
435.00000,205.00000,205.00000,0.47126,0.47126
436.00000,206.00000,206.00000,0.47248,0.47248
437.00000,207.00000,207.00000,0.47368,0.47368
438.00000,208.00000,208.00000,0.47489,0.47489
439.00000,205.00000,205.00000,0.46697,0.46697
440.00000,202.00000,202.00000,0.45909,0.45909
441.00000,203.00000,203.00000,0.46032,0.46032
442.00000,204.00000,204.00000,0.46154,0.46154
443.00000,205.00000,205.00000,0.46275,0.46275
444.00000,206.00000,206.00000,0.46396,0.46396
445.00000,207.00000,207.00000,0.46517,0.46517
446.00000,208.00000,208.00000,0.46637,0.46637
447.00000,209.00000,209.00000,0.46756,0.46756
448.00000,210.00000,210.00000,0.46875,0.46875
449.00000,211.00000,211.00000,0.46993,0.46993
450.00000,212.00000,212.00000,0.47111,0.47111
451.00000,213.00000,213.00000,0.47228,0.47228
452.00000,214.00000,214.00000,0.47345,0.47345
453.00000,215.00000,215.00000,0.47461,0.47461
454.00000,216.00000,216.00000,0.47577,0.47577
455.00000,217.00000,217.00000,0.47692,0.47692
456.00000,218.00000,218.00000,0.47807,0.47807
457.00000,219.00000,219.00000,0.47921,0.47921
458.00000,220.00000,220.00000,0.48035,0.48035
459.00000,221.00000,221.00000,0.48148,0.48148
460.00000,222.00000,222.00000,0.48261,0.48261
461.00000,223.00000,223.00000,0.48373,0.48373
462.00000,224.00000,224.00000,0.48485,0.48485
463.00000,225.00000,225.00000,0.48596,0.48596
464.00000,226.00000,226.00000,0.48707,0.48707
465.00000,227.00000,227.00000,0.48817,0.48817
466.00000,228.00000,228.00000,0.48927,0.48927
467.00000,229.00000,229.00000,0.49036,0.49036
468.00000,230.00000,230.00000,0.49145,0.49145
469.00000,231.00000,231.00000,0.49254,0.49254
470.00000,232.00000,232.00000,0.49362,0.49362
471.00000,222.00000,222.00000,0.47134,0.47134
472.00000,219.00000,219.00000,0.46398,0.46398
473.00000,216.00000,216.00000,0.45666,0.45666
474.00000,213.00000,213.00000,0.44937,0.44937
475.00000,214.00000,214.00000,0.45053,0.45053
476.00000,215.00000,215.00000,0.45168,0.45168
477.00000,216.00000,216.00000,0.45283,0.45283
478.00000,217.00000,217.00000,0.45397,0.45397
479.00000,218.00000,218.00000,0.45511,0.45511
480.00000,219.00000,219.00000,0.45625,0.45625
481.00000,216.00000,216.00000,0.44906,0.44906
482.00000,217.00000,217.00000,0.45021,0.45021
483.00000,218.00000,218.00000,0.45135,0.45135
484.00000,219.00000,219.00000,0.45248,0.45248
485.00000,220.00000,220.00000,0.45361,0.45361
486.00000,221.00000,221.00000,0.45473,0.45473
487.00000,222.00000,222.00000,0.45585,0.45585
488.00000,223.00000,223.00000,0.45697,0.45697
489.00000,220.00000,220.00000,0.44990,0.44990
490.00000,221.00000,221.00000,0.45102,0.45102
491.00000,222.00000,222.00000,0.45214,0.45214
492.00000,223.00000,223.00000,0.45325,0.45325
493.00000,213.00000,213.00000,0.43205,0.43205
494.00000,214.00000,214.00000,0.43320,0.43320
495.00000,215.00000,215.00000,0.43434,0.43434
496.00000,216.00000,216.00000,0.43548,0.43548
497.00000,217.00000,217.00000,0.43662,0.43662
498.00000,218.00000,218.00000,0.43775,0.43775
499.00000,219.00000,219.00000,0.43888,0.43888
500.00000,220.00000,220.00000,0.44000,0.44000
501.00000,221.00000,221.00000,0.44112,0.44112
502.00000,222.00000,222.00000,0.44223,0.44223
503.00000,223.00000,223.00000,0.44334,0.44334
504.00000,224.00000,224.00000,0.44444,0.44444
505.00000,225.00000,225.00000,0.44554,0.44554
506.00000,226.00000,226.00000,0.44664,0.44664
507.00000,227.00000,227.00000,0.44773,0.44773
508.00000,228.00000,228.00000,0.44882,0.44882
509.00000,229.00000,229.00000,0.44990,0.44990
510.00000,230.00000,230.00000,0.45098,0.45098
511.00000,231.00000,231.00000,0.45205,0.45205
512.00000,232.00000,232.00000,0.45312,0.45312
513.00000,233.00000,233.00000,0.45419,0.45419
514.00000,234.00000,234.00000,0.45525,0.45525
515.00000,235.00000,235.00000,0.45631,0.45631
516.00000,236.00000,236.00000,0.45736,0.45736
517.00000,237.00000,237.00000,0.45841,0.45841
518.00000,238.00000,238.00000,0.45946,0.45946
519.00000,239.00000,239.00000,0.46050,0.46050
520.00000,240.00000,240.00000,0.46154,0.46154
521.00000,241.00000,241.00000,0.46257,0.46257
522.00000,242.00000,242.00000,0.46360,0.46360
523.00000,243.00000,243.00000,0.46463,0.46463
524.00000,244.00000,244.00000,0.46565,0.46565
525.00000,234.00000,234.00000,0.44571,0.44571
526.00000,235.00000,235.00000,0.44677,0.44677
527.00000,236.00000,236.00000,0.44782,0.44782
528.00000,233.00000,233.00000,0.44129,0.44129
529.00000,234.00000,234.00000,0.44234,0.44234
530.00000,235.00000,235.00000,0.44340,0.44340
531.00000,236.00000,236.00000,0.44444,0.44444
532.00000,237.00000,237.00000,0.44549,0.44549
533.00000,238.00000,238.00000,0.44653,0.44653
534.00000,239.00000,239.00000,0.44757,0.44757
535.00000,240.00000,240.00000,0.44860,0.44860
536.00000,241.00000,241.00000,0.44963,0.44963
537.00000,242.00000,242.00000,0.45065,0.45065
538.00000,243.00000,243.00000,0.45167,0.45167
539.00000,240.00000,240.00000,0.44527,0.44527
540.00000,241.00000,241.00000,0.44630,0.44630
541.00000,242.00000,242.00000,0.44732,0.44732
542.00000,243.00000,243.00000,0.44834,0.44834
543.00000,233.00000,233.00000,0.42910,0.42910
544.00000,234.00000,234.00000,0.43015,0.43015
545.00000,231.00000,231.00000,0.42385,0.42385
546.00000,232.00000,232.00000,0.42491,0.42491
547.00000,233.00000,233.00000,0.42596,0.42596
548.00000,234.00000,234.00000,0.42701,0.42701
549.00000,235.00000,235.00000,0.42805,0.42805
550.00000,236.00000,236.00000,0.42909,0.42909
551.00000,233.00000,233.00000,0.42287,0.42287
552.00000,234.00000,234.00000,0.42391,0.42391
553.00000,235.00000,235.00000,0.42495,0.42495
554.00000,236.00000,236.00000,0.42599,0.42599
555.00000,237.00000,237.00000,0.42703,0.42703
556.00000,238.00000,238.00000,0.42806,0.42806
557.00000,239.00000,239.00000,0.42908,0.42908
558.00000,240.00000,240.00000,0.43011,0.43011
559.00000,241.00000,241.00000,0.43113,0.43113
560.00000,238.00000,238.00000,0.42500,0.42500
561.00000,239.00000,239.00000,0.42602,0.42602
562.00000,236.00000,236.00000,0.41993,0.41993
563.00000,237.00000,237.00000,0.42096,0.42096
564.00000,238.00000,238.00000,0.42199,0.42199
565.00000,239.00000,239.00000,0.42301,0.42301
566.00000,240.00000,240.00000,0.42403,0.42403
567.00000,241.00000,241.00000,0.42504,0.42504
568.00000,242.00000,242.00000,0.42606,0.42606
569.00000,243.00000,243.00000,0.42707,0.42707
570.00000,244.00000,244.00000,0.42807,0.42807
571.00000,241.00000,241.00000,0.42207,0.42207
572.00000,238.00000,238.00000,0.41608,0.41608
573.00000,235.00000,235.00000,0.41012,0.41012
574.00000,236.00000,236.00000,0.41115,0.41115
575.00000,237.00000,237.00000,0.41217,0.41217
576.00000,238.00000,238.00000,0.41319,0.41319
577.00000,239.00000,239.00000,0.41421,0.41421
578.00000,240.00000,240.00000,0.41522,0.41522
579.00000,241.00000,241.00000,0.41623,0.41623
580.00000,242.00000,242.00000,0.41724,0.41724
581.00000,243.00000,243.00000,0.41824,0.41824
582.00000,244.00000,244.00000,0.41924,0.41924
583.00000,245.00000,245.00000,0.42024,0.42024
584.00000,235.00000,235.00000,0.40240,0.40240
585.00000,236.00000,236.00000,0.40342,0.40342
586.00000,237.00000,237.00000,0.40444,0.40444
587.00000,234.00000,234.00000,0.39864,0.39864
588.00000,231.00000,231.00000,0.39286,0.39286
589.00000,228.00000,228.00000,0.38710,0.38710
590.00000,225.00000,225.00000,0.38136,0.38136
591.00000,226.00000,226.00000,0.38240,0.38240
592.00000,227.00000,227.00000,0.38345,0.38345
593.00000,228.00000,228.00000,0.38449,0.38449
594.00000,229.00000,229.00000,0.38552,0.38552
595.00000,230.00000,230.00000,0.38655,0.38655
596.00000,231.00000,231.00000,0.38758,0.38758
597.00000,232.00000,232.00000,0.38861,0.38861
598.00000,233.00000,233.00000,0.38963,0.38963
599.00000,234.00000,234.00000,0.39065,0.39065
600.00000,235.00000,235.00000,0.39167,0.39167
601.00000,236.00000,236.00000,0.39268,0.39268
602.00000,237.00000,237.00000,0.39369,0.39369
603.00000,238.00000,238.00000,0.39469,0.39469
604.00000,239.00000,239.00000,0.39570,0.39570
605.00000,240.00000,240.00000,0.39669,0.39669
606.00000,241.00000,241.00000,0.39769,0.39769
607.00000,242.00000,242.00000,0.39868,0.39868
608.00000,243.00000,243.00000,0.39967,0.39967
609.00000,244.00000,244.00000,0.40066,0.40066
610.00000,245.00000,245.00000,0.40164,0.40164
611.00000,242.00000,242.00000,0.39607,0.39607
612.00000,243.00000,243.00000,0.39706,0.39706
613.00000,244.00000,244.00000,0.39804,0.39804
614.00000,245.00000,245.00000,0.39902,0.39902
615.00000,246.00000,246.00000,0.40000,0.40000
616.00000,247.00000,247.00000,0.40097,0.40097
617.00000,248.00000,248.00000,0.40194,0.40194
618.00000,249.00000,249.00000,0.40291,0.40291
619.00000,250.00000,250.00000,0.40388,0.40388
620.00000,251.00000,251.00000,0.40484,0.40484
621.00000,252.00000,252.00000,0.40580,0.40580
622.00000,253.00000,253.00000,0.40675,0.40675
623.00000,254.00000,254.00000,0.40770,0.40770
624.00000,255.00000,255.00000,0.40865,0.40865
625.00000,256.00000,256.00000,0.40960,0.40960
626.00000,257.00000,257.00000,0.41054,0.41054
627.00000,258.00000,258.00000,0.41148,0.41148
628.00000,259.00000,259.00000,0.41242,0.41242
629.00000,260.00000,260.00000,0.41335,0.41335
630.00000,257.00000,257.00000,0.40794,0.40794
631.00000,254.00000,254.00000,0.40254,0.40254
632.00000,251.00000,251.00000,0.39715,0.39715
633.00000,252.00000,252.00000,0.39810,0.39810
634.00000,253.00000,253.00000,0.39905,0.39905
635.00000,254.00000,254.00000,0.40000,0.40000
636.00000,255.00000,255.00000,0.40094,0.40094
637.00000,256.00000,256.00000,0.40188,0.40188
638.00000,257.00000,257.00000,0.40282,0.40282
639.00000,258.00000,258.00000,0.40376,0.40376
640.00000,259.00000,259.00000,0.40469,0.40469
641.00000,260.00000,260.00000,0.40562,0.40562
642.00000,261.00000,261.00000,0.40654,0.40654
643.00000,262.00000,262.00000,0.40747,0.40747
644.00000,263.00000,263.00000,0.40839,0.40839
645.00000,264.00000,264.00000,0.40930,0.40930
646.00000,265.00000,265.00000,0.41022,0.41022
647.00000,266.00000,266.00000,0.41113,0.41113
648.00000,267.00000,267.00000,0.41204,0.41204
649.00000,268.00000,268.00000,0.41294,0.41294
650.00000,269.00000,269.00000,0.41385,0.41385
651.00000,270.00000,270.00000,0.41475,0.41475
652.00000,271.00000,271.00000,0.41564,0.41564
653.00000,272.00000,272.00000,0.41654,0.41654
654.00000,273.00000,273.00000,0.41743,0.41743
655.00000,274.00000,274.00000,0.41832,0.41832
656.00000,275.00000,275.00000,0.41921,0.41921
657.00000,276.00000,276.00000,0.42009,0.42009
658.00000,277.00000,277.00000,0.42097,0.42097
659.00000,278.00000,278.00000,0.42185,0.42185
660.00000,279.00000,279.00000,0.42273,0.42273
661.00000,280.00000,280.00000,0.42360,0.42360
662.00000,281.00000,281.00000,0.42447,0.42447
663.00000,282.00000,282.00000,0.42534,0.42534
664.00000,283.00000,283.00000,0.42620,0.42620
665.00000,284.00000,284.00000,0.42707,0.42707
666.00000,285.00000,285.00000,0.42793,0.42793
667.00000,286.00000,286.00000,0.42879,0.42879
668.00000,287.00000,287.00000,0.42964,0.42964
669.00000,288.00000,288.00000,0.43049,0.43049
670.00000,285.00000,285.00000,0.42537,0.42537
671.00000,286.00000,286.00000,0.42623,0.42623
672.00000,283.00000,283.00000,0.42113,0.42113
673.00000,280.00000,280.00000,0.41605,0.41605
674.00000,281.00000,281.00000,0.41691,0.41691
675.00000,282.00000,282.00000,0.41778,0.41778
676.00000,283.00000,283.00000,0.41864,0.41864
677.00000,284.00000,284.00000,0.41950,0.41950
678.00000,285.00000,285.00000,0.42035,0.42035
679.00000,286.00000,286.00000,0.42121,0.42121
680.00000,287.00000,287.00000,0.42206,0.42206
681.00000,288.00000,288.00000,0.42291,0.42291
682.00000,289.00000,289.00000,0.42375,0.42375
683.00000,290.00000,290.00000,0.42460,0.42460
684.00000,291.00000,291.00000,0.42544,0.42544
685.00000,292.00000,292.00000,0.42628,0.42628
686.00000,289.00000,289.00000,0.42128,0.42128
687.00000,286.00000,286.00000,0.41630,0.41630
688.00000,283.00000,283.00000,0.41134,0.41134
689.00000,280.00000,280.00000,0.40639,0.40639
690.00000,277.00000,277.00000,0.40145,0.40145
691.00000,274.00000,274.00000,0.39653,0.39653
692.00000,275.00000,275.00000,0.39740,0.39740
693.00000,276.00000,276.00000,0.39827,0.39827
694.00000,277.00000,277.00000,0.39914,0.39914
695.00000,278.00000,278.00000,0.40000,0.40000
696.00000,279.00000,279.00000,0.40086,0.40086
697.00000,280.00000,280.00000,0.40172,0.40172
698.00000,281.00000,281.00000,0.40258,0.40258
699.00000,282.00000,282.00000,0.40343,0.40343
700.00000,283.00000,283.00000,0.40429,0.40429
701.00000,284.00000,284.00000,0.40514,0.40514
702.00000,285.00000,285.00000,0.40598,0.40598
703.00000,286.00000,286.00000,0.40683,0.40683
704.00000,287.00000,287.00000,0.40767,0.40767
705.00000,288.00000,288.00000,0.40851,0.40851
706.00000,289.00000,289.00000,0.40935,0.40935
707.00000,290.00000,290.00000,0.41018,0.41018
708.00000,291.00000,291.00000,0.41102,0.41102
709.00000,288.00000,288.00000,0.40621,0.40621
710.00000,289.00000,289.00000,0.40704,0.40704
711.00000,290.00000,290.00000,0.40788,0.40788
712.00000,291.00000,291.00000,0.40871,0.40871
713.00000,292.00000,292.00000,0.40954,0.40954
714.00000,293.00000,293.00000,0.41036,0.41036
715.00000,294.00000,294.00000,0.41119,0.41119
716.00000,295.00000,295.00000,0.41201,0.41201
717.00000,296.00000,296.00000,0.41283,0.41283
718.00000,297.00000,297.00000,0.41365,0.41365
719.00000,298.00000,298.00000,0.41446,0.41446
720.00000,295.00000,295.00000,0.40972,0.40972
721.00000,292.00000,292.00000,0.40499,0.40499
722.00000,289.00000,289.00000,0.40028,0.40028
723.00000,286.00000,286.00000,0.39557,0.39557
724.00000,287.00000,287.00000,0.39641,0.39641
725.00000,288.00000,288.00000,0.39724,0.39724
726.00000,289.00000,289.00000,0.39807,0.39807
727.00000,290.00000,290.00000,0.39890,0.39890
728.00000,291.00000,291.00000,0.39973,0.39973
729.00000,292.00000,292.00000,0.40055,0.40055
730.00000,293.00000,293.00000,0.40137,0.40137
731.00000,294.00000,294.00000,0.40219,0.40219
732.00000,295.00000,295.00000,0.40301,0.40301
733.00000,296.00000,296.00000,0.40382,0.40382
734.00000,297.00000,297.00000,0.40463,0.40463
735.00000,298.00000,298.00000,0.40544,0.40544
736.00000,299.00000,299.00000,0.40625,0.40625
737.00000,300.00000,300.00000,0.40706,0.40706
738.00000,301.00000,301.00000,0.40786,0.40786
739.00000,302.00000,302.00000,0.40866,0.40866
740.00000,303.00000,303.00000,0.40946,0.40946
741.00000,300.00000,300.00000,0.40486,0.40486
742.00000,301.00000,301.00000,0.40566,0.40566
743.00000,302.00000,302.00000,0.40646,0.40646
744.00000,303.00000,303.00000,0.40726,0.40726
745.00000,304.00000,304.00000,0.40805,0.40805
746.00000,305.00000,305.00000,0.40885,0.40885
747.00000,306.00000,306.00000,0.40964,0.40964
748.00000,307.00000,307.00000,0.41043,0.41043
749.00000,308.00000,308.00000,0.41121,0.41121
750.00000,305.00000,305.00000,0.40667,0.40667
751.00000,302.00000,302.00000,0.40213,0.40213
752.00000,299.00000,299.00000,0.39761,0.39761
753.00000,300.00000,300.00000,0.39841,0.39841
754.00000,301.00000,301.00000,0.39920,0.39920
755.00000,298.00000,298.00000,0.39470,0.39470
756.00000,295.00000,295.00000,0.39021,0.39021
757.00000,292.00000,292.00000,0.38573,0.38573
758.00000,293.00000,293.00000,0.38654,0.38654
759.00000,294.00000,294.00000,0.38735,0.38735
760.00000,295.00000,295.00000,0.38816,0.38816
761.00000,296.00000,296.00000,0.38896,0.38896
762.00000,297.00000,297.00000,0.38976,0.38976
763.00000,298.00000,298.00000,0.39056,0.39056
764.00000,299.00000,299.00000,0.39136,0.39136
765.00000,300.00000,300.00000,0.39216,0.39216
766.00000,301.00000,301.00000,0.39295,0.39295
767.00000,302.00000,302.00000,0.39374,0.39374
768.00000,303.00000,303.00000,0.39453,0.39453
769.00000,300.00000,300.00000,0.39012,0.39012
770.00000,297.00000,297.00000,0.38571,0.38571
771.00000,298.00000,298.00000,0.38651,0.38651
772.00000,299.00000,299.00000,0.38731,0.38731
773.00000,300.00000,300.00000,0.38810,0.38810
774.00000,301.00000,301.00000,0.38889,0.38889
775.00000,302.00000,302.00000,0.38968,0.38968
776.00000,303.00000,303.00000,0.39046,0.39046
777.00000,304.00000,304.00000,0.39125,0.39125
778.00000,305.00000,305.00000,0.39203,0.39203
779.00000,306.00000,306.00000,0.39281,0.39281
780.00000,307.00000,307.00000,0.39359,0.39359
781.00000,308.00000,308.00000,0.39437,0.39437
782.00000,309.00000,309.00000,0.39514,0.39514
783.00000,310.00000,310.00000,0.39591,0.39591
784.00000,311.00000,311.00000,0.39668,0.39668
785.00000,312.00000,312.00000,0.39745,0.39745
786.00000,313.00000,313.00000,0.39822,0.39822
787.00000,314.00000,314.00000,0.39898,0.39898
788.00000,315.00000,315.00000,0.39975,0.39975
789.00000,316.00000,316.00000,0.40051,0.40051
790.00000,317.00000,317.00000,0.40127,0.40127
791.00000,318.00000,318.00000,0.40202,0.40202
792.00000,319.00000,319.00000,0.40278,0.40278
793.00000,320.00000,320.00000,0.40353,0.40353
794.00000,321.00000,321.00000,0.40428,0.40428
795.00000,322.00000,322.00000,0.40503,0.40503
796.00000,323.00000,323.00000,0.40578,0.40578
797.00000,324.00000,324.00000,0.40652,0.40652
798.00000,325.00000,325.00000,0.40727,0.40727
799.00000,326.00000,326.00000,0.40801,0.40801
800.00000,327.00000,327.00000,0.40875,0.40875
801.00000,328.00000,328.00000,0.40949,0.40949
802.00000,329.00000,329.00000,0.41022,0.41022
803.00000,330.00000,330.00000,0.41096,0.41096
804.00000,331.00000,331.00000,0.41169,0.41169
805.00000,332.00000,332.00000,0.41242,0.41242
806.00000,333.00000,333.00000,0.41315,0.41315
807.00000,334.00000,334.00000,0.41388,0.41388
808.00000,335.00000,335.00000,0.41460,0.41460
809.00000,336.00000,336.00000,0.41533,0.41533
810.00000,337.00000,337.00000,0.41605,0.41605
811.00000,338.00000,338.00000,0.41677,0.41677
812.00000,339.00000,339.00000,0.41749,0.41749
813.00000,340.00000,340.00000,0.41820,0.41820
814.00000,341.00000,341.00000,0.41892,0.41892
815.00000,342.00000,342.00000,0.41963,0.41963
816.00000,343.00000,343.00000,0.42034,0.42034
817.00000,344.00000,344.00000,0.42105,0.42105
818.00000,345.00000,345.00000,0.42176,0.42176
819.00000,346.00000,346.00000,0.42247,0.42247
820.00000,347.00000,347.00000,0.42317,0.42317
821.00000,348.00000,348.00000,0.42387,0.42387
822.00000,349.00000,349.00000,0.42457,0.42457
823.00000,350.00000,350.00000,0.42527,0.42527
824.00000,351.00000,351.00000,0.42597,0.42597
825.00000,352.00000,352.00000,0.42667,0.42667
826.00000,353.00000,353.00000,0.42736,0.42736
827.00000,354.00000,354.00000,0.42805,0.42805
828.00000,355.00000,355.00000,0.42874,0.42874
829.00000,356.00000,356.00000,0.42943,0.42943
830.00000,357.00000,357.00000,0.43012,0.43012
831.00000,358.00000,358.00000,0.43081,0.43081
832.00000,359.00000,359.00000,0.43149,0.43149
833.00000,360.00000,360.00000,0.43217,0.43217
834.00000,361.00000,361.00000,0.43285,0.43285
835.00000,362.00000,362.00000,0.43353,0.43353
836.00000,363.00000,363.00000,0.43421,0.43421
837.00000,364.00000,364.00000,0.43489,0.43489
838.00000,365.00000,365.00000,0.43556,0.43556
839.00000,366.00000,366.00000,0.43623,0.43623
840.00000,367.00000,367.00000,0.43690,0.43690
841.00000,368.00000,368.00000,0.43757,0.43757
842.00000,369.00000,369.00000,0.43824,0.43824
843.00000,370.00000,370.00000,0.43891,0.43891
844.00000,371.00000,371.00000,0.43957,0.43957
845.00000,372.00000,372.00000,0.44024,0.44024
846.00000,373.00000,373.00000,0.44090,0.44090
847.00000,374.00000,374.00000,0.44156,0.44156
848.00000,375.00000,375.00000,0.44222,0.44222
849.00000,376.00000,376.00000,0.44287,0.44287
850.00000,377.00000,377.00000,0.44353,0.44353
851.00000,378.00000,378.00000,0.44418,0.44418
852.00000,379.00000,379.00000,0.44484,0.44484
853.00000,380.00000,380.00000,0.44549,0.44549
854.00000,381.00000,381.00000,0.44614,0.44614
855.00000,382.00000,382.00000,0.44678,0.44678
856.00000,383.00000,383.00000,0.44743,0.44743
857.00000,384.00000,384.00000,0.44807,0.44807
858.00000,385.00000,385.00000,0.44872,0.44872
859.00000,386.00000,386.00000,0.44936,0.44936
860.00000,387.00000,387.00000,0.45000,0.45000
861.00000,388.00000,388.00000,0.45064,0.45064
862.00000,389.00000,389.00000,0.45128,0.45128
863.00000,390.00000,390.00000,0.45191,0.45191
864.00000,391.00000,391.00000,0.45255,0.45255
865.00000,392.00000,392.00000,0.45318,0.45318
866.00000,393.00000,393.00000,0.45381,0.45381
867.00000,394.00000,394.00000,0.45444,0.45444
868.00000,395.00000,395.00000,0.45507,0.45507
869.00000,396.00000,396.00000,0.45570,0.45570
870.00000,397.00000,397.00000,0.45632,0.45632
871.00000,398.00000,398.00000,0.45695,0.45695
872.00000,399.00000,399.00000,0.45757,0.45757
873.00000,400.00000,400.00000,0.45819,0.45819
874.00000,401.00000,401.00000,0.45881,0.45881
875.00000,402.00000,402.00000,0.45943,0.45943
876.00000,403.00000,403.00000,0.46005,0.46005
877.00000,404.00000,404.00000,0.46066,0.46066
878.00000,405.00000,405.00000,0.46128,0.46128
879.00000,406.00000,406.00000,0.46189,0.46189
880.00000,407.00000,407.00000,0.46250,0.46250
881.00000,408.00000,408.00000,0.46311,0.46311
882.00000,409.00000,409.00000,0.46372,0.46372
883.00000,410.00000,410.00000,0.46433,0.46433
884.00000,411.00000,411.00000,0.46493,0.46493
885.00000,412.00000,412.00000,0.46554,0.46554
886.00000,413.00000,413.00000,0.46614,0.46614
887.00000,414.00000,414.00000,0.46674,0.46674
888.00000,415.00000,415.00000,0.46734,0.46734
889.00000,416.00000,416.00000,0.46794,0.46794
890.00000,417.00000,417.00000,0.46854,0.46854
891.00000,418.00000,418.00000,0.46914,0.46914
892.00000,419.00000,419.00000,0.46973,0.46973
893.00000,420.00000,420.00000,0.47032,0.47032
894.00000,421.00000,421.00000,0.47092,0.47092
895.00000,422.00000,422.00000,0.47151,0.47151
896.00000,423.00000,423.00000,0.47210,0.47210
897.00000,424.00000,424.00000,0.47269,0.47269
898.00000,425.00000,425.00000,0.47327,0.47327
899.00000,422.00000,422.00000,0.46941,0.46941
900.00000,419.00000,419.00000,0.46556,0.46556
901.00000,416.00000,416.00000,0.46171,0.46171
902.00000,413.00000,413.00000,0.45787,0.45787
903.00000,410.00000,410.00000,0.45404,0.45404
904.00000,407.00000,407.00000,0.45022,0.45022
905.00000,408.00000,408.00000,0.45083,0.45083
906.00000,409.00000,409.00000,0.45143,0.45143
907.00000,410.00000,410.00000,0.45204,0.45204
908.00000,411.00000,411.00000,0.45264,0.45264
909.00000,412.00000,412.00000,0.45325,0.45325
910.00000,409.00000,409.00000,0.44945,0.44945
911.00000,406.00000,406.00000,0.44566,0.44566
912.00000,403.00000,403.00000,0.44189,0.44189
913.00000,400.00000,400.00000,0.43812,0.43812
914.00000,401.00000,401.00000,0.43873,0.43873
915.00000,398.00000,398.00000,0.43497,0.43497
916.00000,399.00000,399.00000,0.43559,0.43559
917.00000,400.00000,400.00000,0.43621,0.43621
918.00000,401.00000,401.00000,0.43682,0.43682
919.00000,402.00000,402.00000,0.43743,0.43743
920.00000,403.00000,403.00000,0.43804,0.43804
921.00000,404.00000,404.00000,0.43865,0.43865
922.00000,405.00000,405.00000,0.43926,0.43926
923.00000,406.00000,406.00000,0.43987,0.43987
924.00000,407.00000,407.00000,0.44048,0.44048
925.00000,408.00000,408.00000,0.44108,0.44108
926.00000,409.00000,409.00000,0.44168,0.44168
927.00000,410.00000,410.00000,0.44229,0.44229
928.00000,411.00000,411.00000,0.44289,0.44289
929.00000,412.00000,412.00000,0.44349,0.44349
930.00000,413.00000,413.00000,0.44409,0.44409
931.00000,414.00000,414.00000,0.44468,0.44468
932.00000,415.00000,415.00000,0.44528,0.44528
933.00000,416.00000,416.00000,0.44587,0.44587
934.00000,417.00000,417.00000,0.44647,0.44647
935.00000,418.00000,418.00000,0.44706,0.44706
936.00000,419.00000,419.00000,0.44765,0.44765
937.00000,420.00000,420.00000,0.44824,0.44824
938.00000,421.00000,421.00000,0.44883,0.44883
939.00000,422.00000,422.00000,0.44941,0.44941
940.00000,423.00000,423.00000,0.45000,0.45000
941.00000,424.00000,424.00000,0.45058,0.45058
942.00000,425.00000,425.00000,0.45117,0.45117
943.00000,426.00000,426.00000,0.45175,0.45175
944.00000,427.00000,427.00000,0.45233,0.45233
945.00000,428.00000,428.00000,0.45291,0.45291
946.00000,429.00000,429.00000,0.45349,0.45349
947.00000,430.00000,430.00000,0.45407,0.45407
948.00000,427.00000,427.00000,0.45042,0.45042
949.00000,428.00000,428.00000,0.45100,0.45100
950.00000,429.00000,429.00000,0.45158,0.45158
951.00000,430.00000,430.00000,0.45216,0.45216
952.00000,431.00000,431.00000,0.45273,0.45273
953.00000,432.00000,432.00000,0.45331,0.45331
954.00000,433.00000,433.00000,0.45388,0.45388
955.00000,434.00000,434.00000,0.45445,0.45445
956.00000,435.00000,435.00000,0.45502,0.45502
957.00000,436.00000,436.00000,0.45559,0.45559
958.00000,437.00000,437.00000,0.45616,0.45616
959.00000,438.00000,438.00000,0.45673,0.45673
960.00000,439.00000,439.00000,0.45729,0.45729
961.00000,440.00000,440.00000,0.45786,0.45786
962.00000,441.00000,441.00000,0.45842,0.45842
963.00000,442.00000,442.00000,0.45898,0.45898
964.00000,443.00000,443.00000,0.45954,0.45954
965.00000,444.00000,444.00000,0.46010,0.46010
966.00000,445.00000,445.00000,0.46066,0.46066
967.00000,446.00000,446.00000,0.46122,0.46122
968.00000,447.00000,447.00000,0.46178,0.46178
969.00000,448.00000,448.00000,0.46233,0.46233
970.00000,449.00000,449.00000,0.46289,0.46289
971.00000,450.00000,450.00000,0.46344,0.46344
972.00000,451.00000,451.00000,0.46399,0.46399
973.00000,452.00000,452.00000,0.46454,0.46454
974.00000,453.00000,453.00000,0.46509,0.46509
975.00000,454.00000,454.00000,0.46564,0.46564
976.00000,451.00000,451.00000,0.46209,0.46209
977.00000,448.00000,448.00000,0.45855,0.45855
978.00000,445.00000,445.00000,0.45501,0.45501
979.00000,446.00000,446.00000,0.45557,0.45557
980.00000,447.00000,447.00000,0.45612,0.45612
981.00000,448.00000,448.00000,0.45668,0.45668
982.00000,449.00000,449.00000,0.45723,0.45723
983.00000,450.00000,450.00000,0.45778,0.45778
984.00000,451.00000,451.00000,0.45833,0.45833
985.00000,452.00000,452.00000,0.45888,0.45888
986.00000,453.00000,453.00000,0.45943,0.45943
987.00000,454.00000,454.00000,0.45998,0.45998
988.00000,455.00000,455.00000,0.46053,0.46053
989.00000,456.00000,456.00000,0.46107,0.46107
990.00000,457.00000,457.00000,0.46162,0.46162
991.00000,458.00000,458.00000,0.46216,0.46216
992.00000,459.00000,459.00000,0.46270,0.46270
993.00000,460.00000,460.00000,0.46324,0.46324
994.00000,461.00000,461.00000,0.46378,0.46378
995.00000,462.00000,462.00000,0.46432,0.46432
996.00000,463.00000,463.00000,0.46486,0.46486
997.00000,464.00000,464.00000,0.46540,0.46540
998.00000,465.00000,465.00000,0.46593,0.46593
999.00000,466.00000,466.00000,0.46647,0.46647
1000.00000,467.00000,467.00000,0.46700,0.46700
1001.00000,468.00000,468.00000,0.46753,0.46753
1002.00000,469.00000,469.00000,0.46806,0.46806
1003.00000,470.00000,470.00000,0.46859,0.46859
1004.00000,471.00000,471.00000,0.46912,0.46912
1005.00000,472.00000,472.00000,0.46965,0.46965
1006.00000,473.00000,473.00000,0.47018,0.47018
1007.00000,474.00000,474.00000,0.47071,0.47071
1008.00000,475.00000,475.00000,0.47123,0.47123
1009.00000,476.00000,476.00000,0.47175,0.47175
1010.00000,477.00000,477.00000,0.47228,0.47228
1011.00000,478.00000,478.00000,0.47280,0.47280
1012.00000,479.00000,479.00000,0.47332,0.47332
1013.00000,480.00000,480.00000,0.47384,0.47384
1014.00000,481.00000,481.00000,0.47436,0.47436
1015.00000,482.00000,482.00000,0.47488,0.47488
1016.00000,483.00000,483.00000,0.47539,0.47539
1017.00000,484.00000,484.00000,0.47591,0.47591
1018.00000,485.00000,485.00000,0.47642,0.47642
1019.00000,486.00000,486.00000,0.47694,0.47694
1020.00000,487.00000,487.00000,0.47745,0.47745
1021.00000,488.00000,488.00000,0.47796,0.47796
1022.00000,489.00000,489.00000,0.47847,0.47847
1023.00000,490.00000,490.00000,0.47898,0.47898
1024.00000,491.00000,491.00000,0.47949,0.47949
1025.00000,492.00000,492.00000,0.48000,0.48000
1026.00000,493.00000,493.00000,0.48051,0.48051
1027.00000,494.00000,494.00000,0.48101,0.48101
1028.00000,495.00000,495.00000,0.48152,0.48152
1029.00000,496.00000,496.00000,0.48202,0.48202
1030.00000,497.00000,497.00000,0.48252,0.48252
1031.00000,494.00000,494.00000,0.47915,0.47915
1032.00000,491.00000,491.00000,0.47578,0.47578
1033.00000,492.00000,492.00000,0.47628,0.47628
1034.00000,493.00000,493.00000,0.47679,0.47679
1035.00000,494.00000,494.00000,0.47729,0.47729
1036.00000,495.00000,495.00000,0.47780,0.47780
1037.00000,496.00000,496.00000,0.47830,0.47830
1038.00000,497.00000,497.00000,0.47881,0.47881
1039.00000,498.00000,498.00000,0.47931,0.47931
1040.00000,499.00000,499.00000,0.47981,0.47981
1041.00000,500.00000,500.00000,0.48031,0.48031
1042.00000,501.00000,501.00000,0.48081,0.48081
1043.00000,502.00000,502.00000,0.48130,0.48130
1044.00000,499.00000,499.00000,0.47797,0.47797
1045.00000,496.00000,496.00000,0.47464,0.47464
1046.00000,497.00000,497.00000,0.47514,0.47514
1047.00000,498.00000,498.00000,0.47564,0.47564
1048.00000,499.00000,499.00000,0.47615,0.47615
1049.00000,500.00000,500.00000,0.47664,0.47664
1050.00000,501.00000,501.00000,0.47714,0.47714
1051.00000,502.00000,502.00000,0.47764,0.47764
1052.00000,503.00000,503.00000,0.47814,0.47814
1053.00000,504.00000,504.00000,0.47863,0.47863
1054.00000,505.00000,505.00000,0.47913,0.47913
1055.00000,506.00000,506.00000,0.47962,0.47962
1056.00000,507.00000,507.00000,0.48011,0.48011
1057.00000,508.00000,508.00000,0.48061,0.48061
1058.00000,509.00000,509.00000,0.48110,0.48110
1059.00000,510.00000,510.00000,0.48159,0.48159
1060.00000,511.00000,511.00000,0.48208,0.48208
1061.00000,512.00000,512.00000,0.48256,0.48256
1062.00000,513.00000,513.00000,0.48305,0.48305
1063.00000,514.00000,514.00000,0.48354,0.48354
1064.00000,515.00000,515.00000,0.48402,0.48402
1065.00000,516.00000,516.00000,0.48451,0.48451
1066.00000,517.00000,517.00000,0.48499,0.48499
1067.00000,518.00000,518.00000,0.48547,0.48547
1068.00000,519.00000,519.00000,0.48596,0.48596
1069.00000,520.00000,520.00000,0.48644,0.48644
1070.00000,517.00000,517.00000,0.48318,0.48318
1071.00000,514.00000,514.00000,0.47993,0.47993
1072.00000,515.00000,515.00000,0.48041,0.48041
1073.00000,516.00000,516.00000,0.48089,0.48089
1074.00000,517.00000,517.00000,0.48138,0.48138
1075.00000,518.00000,518.00000,0.48186,0.48186
1076.00000,519.00000,519.00000,0.48234,0.48234
1077.00000,520.00000,520.00000,0.48282,0.48282
1078.00000,521.00000,521.00000,0.48330,0.48330
1079.00000,522.00000,522.00000,0.48378,0.48378
1080.00000,523.00000,523.00000,0.48426,0.48426
1081.00000,524.00000,524.00000,0.48474,0.48474
1082.00000,525.00000,525.00000,0.48521,0.48521
1083.00000,526.00000,526.00000,0.48569,0.48569
1084.00000,527.00000,527.00000,0.48616,0.48616
1085.00000,528.00000,528.00000,0.48664,0.48664
1086.00000,529.00000,529.00000,0.48711,0.48711
1087.00000,530.00000,530.00000,0.48758,0.48758
1088.00000,531.00000,531.00000,0.48805,0.48805
1089.00000,532.00000,532.00000,0.48852,0.48852
1090.00000,533.00000,533.00000,0.48899,0.48899
1091.00000,534.00000,534.00000,0.48946,0.48946
1092.00000,535.00000,535.00000,0.48993,0.48993
1093.00000,536.00000,536.00000,0.49039,0.49039
1094.00000,537.00000,537.00000,0.49086,0.49086
1095.00000,538.00000,538.00000,0.49132,0.49132
1096.00000,539.00000,539.00000,0.49179,0.49179
1097.00000,540.00000,540.00000,0.49225,0.49225
1098.00000,541.00000,541.00000,0.49271,0.49271
1099.00000,542.00000,542.00000,0.49318,0.49318
1100.00000,543.00000,543.00000,0.49364,0.49364
1101.00000,544.00000,544.00000,0.49410,0.49410
1102.00000,545.00000,545.00000,0.49456,0.49456
1103.00000,546.00000,546.00000,0.49501,0.49501
1104.00000,547.00000,547.00000,0.49547,0.49547
1105.00000,548.00000,548.00000,0.49593,0.49593
1106.00000,549.00000,549.00000,0.49638,0.49638
1107.00000,539.00000,539.00000,0.48690,0.48690
1108.00000,540.00000,540.00000,0.48736,0.48736
1109.00000,541.00000,541.00000,0.48783,0.48783
1110.00000,542.00000,542.00000,0.48829,0.48829
1111.00000,543.00000,543.00000,0.48875,0.48875
1112.00000,544.00000,544.00000,0.48921,0.48921
1113.00000,545.00000,545.00000,0.48967,0.48967
1114.00000,546.00000,546.00000,0.49013,0.49013
1115.00000,547.00000,547.00000,0.49058,0.49058
1116.00000,548.00000,548.00000,0.49104,0.49104
1117.00000,549.00000,549.00000,0.49150,0.49150
1118.00000,550.00000,550.00000,0.49195,0.49195
1119.00000,551.00000,551.00000,0.49240,0.49240
1120.00000,552.00000,552.00000,0.49286,0.49286
1121.00000,553.00000,553.00000,0.49331,0.49331
1122.00000,554.00000,554.00000,0.49376,0.49376
1123.00000,555.00000,555.00000,0.49421,0.49421
1124.00000,556.00000,556.00000,0.49466,0.49466
1125.00000,557.00000,557.00000,0.49511,0.49511
1126.00000,558.00000,558.00000,0.49556,0.49556
1127.00000,555.00000,555.00000,0.49246,0.49246
1128.00000,556.00000,556.00000,0.49291,0.49291
1129.00000,557.00000,557.00000,0.49336,0.49336
1130.00000,558.00000,558.00000,0.49381,0.49381
1131.00000,559.00000,559.00000,0.49425,0.49425
1132.00000,556.00000,556.00000,0.49117,0.49117
1133.00000,553.00000,553.00000,0.48808,0.48808
1134.00000,550.00000,550.00000,0.48501,0.48501
1135.00000,547.00000,547.00000,0.48194,0.48194
1136.00000,544.00000,544.00000,0.47887,0.47887
1137.00000,541.00000,541.00000,0.47581,0.47581
1138.00000,538.00000,538.00000,0.47276,0.47276
1139.00000,539.00000,539.00000,0.47322,0.47322
1140.00000,540.00000,540.00000,0.47368,0.47368
1141.00000,541.00000,541.00000,0.47415,0.47415
1142.00000,542.00000,542.00000,0.47461,0.47461
1143.00000,543.00000,543.00000,0.47507,0.47507
1144.00000,544.00000,544.00000,0.47552,0.47552
1145.00000,541.00000,541.00000,0.47249,0.47249
1146.00000,542.00000,542.00000,0.47295,0.47295
1147.00000,543.00000,543.00000,0.47341,0.47341
1148.00000,544.00000,544.00000,0.47387,0.47387
1149.00000,545.00000,545.00000,0.47433,0.47433
1150.00000,546.00000,546.00000,0.47478,0.47478
1151.00000,547.00000,547.00000,0.47524,0.47524
1152.00000,548.00000,548.00000,0.47569,0.47569
1153.00000,549.00000,549.00000,0.47615,0.47615
1154.00000,550.00000,550.00000,0.47660,0.47660
1155.00000,551.00000,551.00000,0.47706,0.47706
1156.00000,552.00000,552.00000,0.47751,0.47751
1157.00000,553.00000,553.00000,0.47796,0.47796
1158.00000,543.00000,543.00000,0.46891,0.46891
1159.00000,544.00000,544.00000,0.46937,0.46937
1160.00000,545.00000,545.00000,0.46983,0.46983
1161.00000,546.00000,546.00000,0.47028,0.47028
1162.00000,547.00000,547.00000,0.47074,0.47074
1163.00000,548.00000,548.00000,0.47120,0.47120
1164.00000,549.00000,549.00000,0.47165,0.47165
1165.00000,550.00000,550.00000,0.47210,0.47210
1166.00000,551.00000,551.00000,0.47256,0.47256
1167.00000,552.00000,552.00000,0.47301,0.47301
1168.00000,553.00000,553.00000,0.47346,0.47346
1169.00000,554.00000,554.00000,0.47391,0.47391
1170.00000,555.00000,555.00000,0.47436,0.47436
1171.00000,556.00000,556.00000,0.47481,0.47481
1172.00000,557.00000,557.00000,0.47526,0.47526
1173.00000,558.00000,558.00000,0.47570,0.47570
1174.00000,559.00000,559.00000,0.47615,0.47615
1175.00000,560.00000,560.00000,0.47660,0.47660
1176.00000,561.00000,561.00000,0.47704,0.47704
1177.00000,562.00000,562.00000,0.47749,0.47749
1178.00000,563.00000,563.00000,0.47793,0.47793
1179.00000,564.00000,564.00000,0.47837,0.47837
1180.00000,565.00000,565.00000,0.47881,0.47881
1181.00000,566.00000,566.00000,0.47925,0.47925
1182.00000,567.00000,567.00000,0.47970,0.47970
1183.00000,564.00000,564.00000,0.47675,0.47675
1184.00000,565.00000,565.00000,0.47720,0.47720
1185.00000,566.00000,566.00000,0.47764,0.47764
1186.00000,567.00000,567.00000,0.47808,0.47808
1187.00000,568.00000,568.00000,0.47852,0.47852
1188.00000,569.00000,569.00000,0.47896,0.47896
1189.00000,570.00000,570.00000,0.47939,0.47939
1190.00000,567.00000,567.00000,0.47647,0.47647
1191.00000,564.00000,564.00000,0.47355,0.47355
1192.00000,565.00000,565.00000,0.47399,0.47399
1193.00000,562.00000,562.00000,0.47108,0.47108
1194.00000,563.00000,563.00000,0.47152,0.47152
1195.00000,564.00000,564.00000,0.47197,0.47197
1196.00000,565.00000,565.00000,0.47241,0.47241
1197.00000,566.00000,566.00000,0.47285,0.47285
1198.00000,567.00000,567.00000,0.47329,0.47329
1199.00000,568.00000,568.00000,0.47373,0.47373
1200.00000,569.00000,569.00000,0.47417,0.47417
1201.00000,570.00000,570.00000,0.47460,0.47460
1202.00000,571.00000,571.00000,0.47504,0.47504
1203.00000,572.00000,572.00000,0.47548,0.47548
1204.00000,573.00000,573.00000,0.47591,0.47591
1205.00000,574.00000,574.00000,0.47635,0.47635
1206.00000,575.00000,575.00000,0.47678,0.47678
1207.00000,576.00000,576.00000,0.47722,0.47722
1208.00000,577.00000,577.00000,0.47765,0.47765
1209.00000,578.00000,578.00000,0.47808,0.47808
1210.00000,579.00000,579.00000,0.47851,0.47851
1211.00000,580.00000,580.00000,0.47894,0.47894
1212.00000,577.00000,577.00000,0.47607,0.47607
1213.00000,578.00000,578.00000,0.47650,0.47650
1214.00000,579.00000,579.00000,0.47694,0.47694
1215.00000,580.00000,580.00000,0.47737,0.47737
1216.00000,581.00000,581.00000,0.47780,0.47780
1217.00000,582.00000,582.00000,0.47823,0.47823
1218.00000,583.00000,583.00000,0.47865,0.47865
1219.00000,584.00000,584.00000,0.47908,0.47908
1220.00000,585.00000,585.00000,0.47951,0.47951
1221.00000,586.00000,586.00000,0.47993,0.47993
1222.00000,587.00000,587.00000,0.48036,0.48036
1223.00000,588.00000,588.00000,0.48078,0.48078
1224.00000,589.00000,589.00000,0.48121,0.48121
1225.00000,590.00000,590.00000,0.48163,0.48163
1226.00000,591.00000,591.00000,0.48206,0.48206
1227.00000,592.00000,592.00000,0.48248,0.48248
1228.00000,593.00000,593.00000,0.48290,0.48290
1229.00000,590.00000,590.00000,0.48007,0.48007
1230.00000,587.00000,587.00000,0.47724,0.47724
1231.00000,584.00000,584.00000,0.47441,0.47441
1232.00000,581.00000,581.00000,0.47159,0.47159
1233.00000,578.00000,578.00000,0.46878,0.46878
1234.00000,579.00000,579.00000,0.46921,0.46921
1235.00000,580.00000,580.00000,0.46964,0.46964
1236.00000,581.00000,581.00000,0.47006,0.47006
1237.00000,582.00000,582.00000,0.47049,0.47049
1238.00000,583.00000,583.00000,0.47092,0.47092
1239.00000,584.00000,584.00000,0.47135,0.47135
1240.00000,585.00000,585.00000,0.47177,0.47177
1241.00000,586.00000,586.00000,0.47220,0.47220
1242.00000,587.00000,587.00000,0.47262,0.47262
1243.00000,588.00000,588.00000,0.47305,0.47305
1244.00000,589.00000,589.00000,0.47347,0.47347
1245.00000,590.00000,590.00000,0.47390,0.47390
1246.00000,591.00000,591.00000,0.47432,0.47432
1247.00000,592.00000,592.00000,0.47474,0.47474
1248.00000,593.00000,593.00000,0.47516,0.47516
1249.00000,594.00000,594.00000,0.47558,0.47558
1250.00000,595.00000,595.00000,0.47600,0.47600
1251.00000,596.00000,596.00000,0.47642,0.47642
1252.00000,597.00000,597.00000,0.47684,0.47684
1253.00000,598.00000,598.00000,0.47725,0.47725
1254.00000,599.00000,599.00000,0.47767,0.47767
1255.00000,600.00000,600.00000,0.47809,0.47809
1256.00000,601.00000,601.00000,0.47850,0.47850
1257.00000,602.00000,602.00000,0.47892,0.47892
1258.00000,603.00000,603.00000,0.47933,0.47933
1259.00000,604.00000,604.00000,0.47975,0.47975
1260.00000,605.00000,605.00000,0.48016,0.48016
1261.00000,606.00000,606.00000,0.48057,0.48057
1262.00000,607.00000,607.00000,0.48098,0.48098
1263.00000,608.00000,608.00000,0.48139,0.48139
1264.00000,609.00000,609.00000,0.48180,0.48180
1265.00000,610.00000,610.00000,0.48221,0.48221
1266.00000,611.00000,611.00000,0.48262,0.48262
1267.00000,612.00000,612.00000,0.48303,0.48303
1268.00000,613.00000,613.00000,0.48344,0.48344
1269.00000,614.00000,614.00000,0.48385,0.48385
1270.00000,615.00000,615.00000,0.48425,0.48425
1271.00000,612.00000,612.00000,0.48151,0.48151
1272.00000,613.00000,613.00000,0.48192,0.48192
1273.00000,614.00000,614.00000,0.48233,0.48233
1274.00000,615.00000,615.00000,0.48273,0.48273
1275.00000,616.00000,616.00000,0.48314,0.48314
1276.00000,617.00000,617.00000,0.48354,0.48354
1277.00000,614.00000,614.00000,0.48081,0.48081
1278.00000,611.00000,611.00000,0.47809,0.47809
1279.00000,608.00000,608.00000,0.47537,0.47537
1280.00000,605.00000,605.00000,0.47266,0.47266
1281.00000,606.00000,606.00000,0.47307,0.47307
1282.00000,607.00000,607.00000,0.47348,0.47348
1283.00000,608.00000,608.00000,0.47389,0.47389
1284.00000,609.00000,609.00000,0.47430,0.47430
1285.00000,610.00000,610.00000,0.47471,0.47471
1286.00000,607.00000,607.00000,0.47201,0.47201
1287.00000,608.00000,608.00000,0.47242,0.47242
1288.00000,605.00000,605.00000,0.46972,0.46972
1289.00000,606.00000,606.00000,0.47013,0.47013
1290.00000,607.00000,607.00000,0.47054,0.47054
1291.00000,608.00000,608.00000,0.47095,0.47095
1292.00000,609.00000,609.00000,0.47136,0.47136
1293.00000,610.00000,610.00000,0.47177,0.47177
1294.00000,611.00000,611.00000,0.47218,0.47218
1295.00000,612.00000,612.00000,0.47259,0.47259
1296.00000,613.00000,613.00000,0.47299,0.47299
1297.00000,614.00000,614.00000,0.47340,0.47340
1298.00000,615.00000,615.00000,0.47381,0.47381
1299.00000,616.00000,616.00000,0.47421,0.47421
1300.00000,617.00000,617.00000,0.47462,0.47462
1301.00000,618.00000,618.00000,0.47502,0.47502
1302.00000,619.00000,619.00000,0.47542,0.47542
1303.00000,620.00000,620.00000,0.47583,0.47583
1304.00000,621.00000,621.00000,0.47623,0.47623
1305.00000,622.00000,622.00000,0.47663,0.47663
1306.00000,623.00000,623.00000,0.47703,0.47703
1307.00000,624.00000,624.00000,0.47743,0.47743
1308.00000,625.00000,625.00000,0.47783,0.47783
1309.00000,626.00000,626.00000,0.47823,0.47823
1310.00000,623.00000,623.00000,0.47557,0.47557
1311.00000,620.00000,620.00000,0.47292,0.47292
1312.00000,621.00000,621.00000,0.47332,0.47332
1313.00000,622.00000,622.00000,0.47372,0.47372
1314.00000,623.00000,623.00000,0.47412,0.47412
1315.00000,624.00000,624.00000,0.47452,0.47452
1316.00000,621.00000,621.00000,0.47188,0.47188
1317.00000,618.00000,618.00000,0.46925,0.46925
1318.00000,619.00000,619.00000,0.46965,0.46965
1319.00000,616.00000,616.00000,0.46702,0.46702
1320.00000,613.00000,613.00000,0.46439,0.46439
1321.00000,614.00000,614.00000,0.46480,0.46480
1322.00000,615.00000,615.00000,0.46520,0.46520
1323.00000,616.00000,616.00000,0.46561,0.46561
1324.00000,617.00000,617.00000,0.46601,0.46601
1325.00000,618.00000,618.00000,0.46642,0.46642
1326.00000,619.00000,619.00000,0.46682,0.46682
1327.00000,620.00000,620.00000,0.46722,0.46722
1328.00000,621.00000,621.00000,0.46762,0.46762
1329.00000,622.00000,622.00000,0.46802,0.46802
1330.00000,623.00000,623.00000,0.46842,0.46842
1331.00000,624.00000,624.00000,0.46882,0.46882
1332.00000,621.00000,621.00000,0.46622,0.46622
1333.00000,618.00000,618.00000,0.46362,0.46362
1334.00000,619.00000,619.00000,0.46402,0.46402
1335.00000,620.00000,620.00000,0.46442,0.46442
1336.00000,621.00000,621.00000,0.46482,0.46482
1337.00000,622.00000,622.00000,0.46522,0.46522
1338.00000,623.00000,623.00000,0.46562,0.46562
1339.00000,624.00000,624.00000,0.46602,0.46602
1340.00000,625.00000,625.00000,0.46642,0.46642
1341.00000,622.00000,622.00000,0.46383,0.46383
1342.00000,623.00000,623.00000,0.46423,0.46423
1343.00000,624.00000,624.00000,0.46463,0.46463
1344.00000,625.00000,625.00000,0.46503,0.46503
1345.00000,626.00000,626.00000,0.46543,0.46543
1346.00000,627.00000,627.00000,0.46582,0.46582
1347.00000,628.00000,628.00000,0.46622,0.46622
1348.00000,625.00000,625.00000,0.46365,0.46365
1349.00000,626.00000,626.00000,0.46405,0.46405
1350.00000,627.00000,627.00000,0.46444,0.46444
1351.00000,628.00000,628.00000,0.46484,0.46484
1352.00000,629.00000,629.00000,0.46524,0.46524
1353.00000,630.00000,630.00000,0.46563,0.46563
1354.00000,631.00000,631.00000,0.46603,0.46603
1355.00000,632.00000,632.00000,0.46642,0.46642
1356.00000,633.00000,633.00000,0.46681,0.46681
1357.00000,634.00000,634.00000,0.46721,0.46721
1358.00000,635.00000,635.00000,0.46760,0.46760
1359.00000,636.00000,636.00000,0.46799,0.46799
1360.00000,637.00000,637.00000,0.46838,0.46838
1361.00000,638.00000,638.00000,0.46877,0.46877
1362.00000,639.00000,639.00000,0.46916,0.46916
1363.00000,640.00000,640.00000,0.46955,0.46955
1364.00000,641.00000,641.00000,0.46994,0.46994
1365.00000,642.00000,642.00000,0.47033,0.47033
1366.00000,643.00000,643.00000,0.47072,0.47072
1367.00000,644.00000,644.00000,0.47110,0.47110
1368.00000,645.00000,645.00000,0.47149,0.47149
1369.00000,646.00000,646.00000,0.47188,0.47188
1370.00000,647.00000,647.00000,0.47226,0.47226
1371.00000,644.00000,644.00000,0.46973,0.46973
1372.00000,645.00000,645.00000,0.47012,0.47012
1373.00000,646.00000,646.00000,0.47050,0.47050
1374.00000,647.00000,647.00000,0.47089,0.47089
1375.00000,648.00000,648.00000,0.47127,0.47127
1376.00000,645.00000,645.00000,0.46875,0.46875
1377.00000,642.00000,642.00000,0.46623,0.46623
1378.00000,643.00000,643.00000,0.46662,0.46662
1379.00000,644.00000,644.00000,0.46701,0.46701
1380.00000,645.00000,645.00000,0.46739,0.46739
1381.00000,646.00000,646.00000,0.46778,0.46778
1382.00000,647.00000,647.00000,0.46816,0.46816
1383.00000,648.00000,648.00000,0.46855,0.46855
1384.00000,649.00000,649.00000,0.46893,0.46893
1385.00000,650.00000,650.00000,0.46931,0.46931
1386.00000,651.00000,651.00000,0.46970,0.46970
1387.00000,652.00000,652.00000,0.47008,0.47008
1388.00000,649.00000,649.00000,0.46758,0.46758
1389.00000,646.00000,646.00000,0.46508,0.46508
1390.00000,647.00000,647.00000,0.46547,0.46547
1391.00000,648.00000,648.00000,0.46585,0.46585
1392.00000,649.00000,649.00000,0.46624,0.46624
1393.00000,650.00000,650.00000,0.46662,0.46662
1394.00000,651.00000,651.00000,0.46700,0.46700
1395.00000,652.00000,652.00000,0.46738,0.46738
1396.00000,649.00000,649.00000,0.46490,0.46490
1397.00000,646.00000,646.00000,0.46242,0.46242
1398.00000,647.00000,647.00000,0.46280,0.46280
1399.00000,644.00000,644.00000,0.46033,0.46033
1400.00000,641.00000,641.00000,0.45786,0.45786
1401.00000,638.00000,638.00000,0.45539,0.45539
1402.00000,639.00000,639.00000,0.45578,0.45578
1403.00000,640.00000,640.00000,0.45617,0.45617
1404.00000,641.00000,641.00000,0.45655,0.45655
1405.00000,642.00000,642.00000,0.45694,0.45694
1406.00000,643.00000,643.00000,0.45733,0.45733
1407.00000,644.00000,644.00000,0.45771,0.45771
1408.00000,645.00000,645.00000,0.45810,0.45810
1409.00000,646.00000,646.00000,0.45848,0.45848
1410.00000,647.00000,647.00000,0.45887,0.45887
1411.00000,648.00000,648.00000,0.45925,0.45925
1412.00000,649.00000,649.00000,0.45963,0.45963
1413.00000,650.00000,650.00000,0.46001,0.46001
1414.00000,651.00000,651.00000,0.46040,0.46040
1415.00000,652.00000,652.00000,0.46078,0.46078
1416.00000,653.00000,653.00000,0.46116,0.46116
1417.00000,654.00000,654.00000,0.46154,0.46154
1418.00000,655.00000,655.00000,0.46192,0.46192
1419.00000,656.00000,656.00000,0.46230,0.46230
1420.00000,653.00000,653.00000,0.45986,0.45986
1421.00000,654.00000,654.00000,0.46024,0.46024
1422.00000,655.00000,655.00000,0.46062,0.46062
1423.00000,656.00000,656.00000,0.46100,0.46100
1424.00000,657.00000,657.00000,0.46138,0.46138
1425.00000,658.00000,658.00000,0.46175,0.46175
1426.00000,659.00000,659.00000,0.46213,0.46213
1427.00000,660.00000,660.00000,0.46251,0.46251
1428.00000,661.00000,661.00000,0.46289,0.46289
1429.00000,662.00000,662.00000,0.46326,0.46326
1430.00000,663.00000,663.00000,0.46364,0.46364
1431.00000,664.00000,664.00000,0.46401,0.46401
1432.00000,665.00000,665.00000,0.46439,0.46439
1433.00000,666.00000,666.00000,0.46476,0.46476
1434.00000,667.00000,667.00000,0.46513,0.46513
1435.00000,668.00000,668.00000,0.46551,0.46551
1436.00000,669.00000,669.00000,0.46588,0.46588
1437.00000,670.00000,670.00000,0.46625,0.46625
1438.00000,671.00000,671.00000,0.46662,0.46662
1439.00000,672.00000,672.00000,0.46699,0.46699
1440.00000,662.00000,662.00000,0.45972,0.45972
1441.00000,659.00000,659.00000,0.45732,0.45732
1442.00000,656.00000,656.00000,0.45492,0.45492
1443.00000,657.00000,657.00000,0.45530,0.45530
1444.00000,658.00000,658.00000,0.45568,0.45568
1445.00000,659.00000,659.00000,0.45606,0.45606
1446.00000,660.00000,660.00000,0.45643,0.45643
1447.00000,661.00000,661.00000,0.45681,0.45681
1448.00000,662.00000,662.00000,0.45718,0.45718
1449.00000,663.00000,663.00000,0.45756,0.45756
1450.00000,664.00000,664.00000,0.45793,0.45793
1451.00000,665.00000,665.00000,0.45830,0.45830
1452.00000,662.00000,662.00000,0.45592,0.45592
1453.00000,659.00000,659.00000,0.45354,0.45354
1454.00000,656.00000,656.00000,0.45117,0.45117
1455.00000,653.00000,653.00000,0.44880,0.44880
1456.00000,650.00000,650.00000,0.44643,0.44643
1457.00000,651.00000,651.00000,0.44681,0.44681
1458.00000,652.00000,652.00000,0.44719,0.44719
1459.00000,653.00000,653.00000,0.44757,0.44757
1460.00000,654.00000,654.00000,0.44795,0.44795
1461.00000,655.00000,655.00000,0.44832,0.44832
1462.00000,656.00000,656.00000,0.44870,0.44870
1463.00000,657.00000,657.00000,0.44908,0.44908
1464.00000,658.00000,658.00000,0.44945,0.44945
1465.00000,659.00000,659.00000,0.44983,0.44983
1466.00000,660.00000,660.00000,0.45020,0.45020
1467.00000,661.00000,661.00000,0.45058,0.45058
1468.00000,662.00000,662.00000,0.45095,0.45095
1469.00000,663.00000,663.00000,0.45133,0.45133
1470.00000,664.00000,664.00000,0.45170,0.45170
1471.00000,665.00000,665.00000,0.45207,0.45207
1472.00000,666.00000,666.00000,0.45245,0.45245
1473.00000,663.00000,663.00000,0.45010,0.45010
1474.00000,660.00000,660.00000,0.44776,0.44776
1475.00000,657.00000,657.00000,0.44542,0.44542
1476.00000,647.00000,647.00000,0.43835,0.43835
1477.00000,644.00000,644.00000,0.43602,0.43602
1478.00000,645.00000,645.00000,0.43640,0.43640
1479.00000,646.00000,646.00000,0.43678,0.43678
1480.00000,647.00000,647.00000,0.43716,0.43716
1481.00000,648.00000,648.00000,0.43754,0.43754
1482.00000,645.00000,645.00000,0.43522,0.43522
1483.00000,642.00000,642.00000,0.43291,0.43291
1484.00000,639.00000,639.00000,0.43059,0.43059
1485.00000,640.00000,640.00000,0.43098,0.43098
1486.00000,641.00000,641.00000,0.43136,0.43136
1487.00000,642.00000,642.00000,0.43174,0.43174
1488.00000,643.00000,643.00000,0.43212,0.43212
1489.00000,644.00000,644.00000,0.43251,0.43251
1490.00000,645.00000,645.00000,0.43289,0.43289
1491.00000,646.00000,646.00000,0.43327,0.43327
1492.00000,647.00000,647.00000,0.43365,0.43365
1493.00000,648.00000,648.00000,0.43403,0.43403
1494.00000,649.00000,649.00000,0.43440,0.43440
1495.00000,646.00000,646.00000,0.43211,0.43211
1496.00000,647.00000,647.00000,0.43249,0.43249
1497.00000,648.00000,648.00000,0.43287,0.43287
1498.00000,649.00000,649.00000,0.43324,0.43324
1499.00000,650.00000,650.00000,0.43362,0.43362
1500.00000,651.00000,651.00000,0.43400,0.43400
1501.00000,652.00000,652.00000,0.43438,0.43438
1502.00000,653.00000,653.00000,0.43475,0.43475
1503.00000,654.00000,654.00000,0.43513,0.43513
1504.00000,655.00000,655.00000,0.43551,0.43551
1505.00000,656.00000,656.00000,0.43588,0.43588
1506.00000,657.00000,657.00000,0.43625,0.43625
1507.00000,658.00000,658.00000,0.43663,0.43663
1508.00000,659.00000,659.00000,0.43700,0.43700
1509.00000,660.00000,660.00000,0.43738,0.43738
1510.00000,661.00000,661.00000,0.43775,0.43775
1511.00000,662.00000,662.00000,0.43812,0.43812
1512.00000,663.00000,663.00000,0.43849,0.43849
1513.00000,664.00000,664.00000,0.43886,0.43886
1514.00000,665.00000,665.00000,0.43923,0.43923
1515.00000,666.00000,666.00000,0.43960,0.43960
1516.00000,667.00000,667.00000,0.43997,0.43997
1517.00000,668.00000,668.00000,0.44034,0.44034
1518.00000,669.00000,669.00000,0.44071,0.44071
1519.00000,670.00000,670.00000,0.44108,0.44108
1520.00000,667.00000,667.00000,0.43882,0.43882
1521.00000,668.00000,668.00000,0.43918,0.43918
1522.00000,669.00000,669.00000,0.43955,0.43955
1523.00000,670.00000,670.00000,0.43992,0.43992
1524.00000,671.00000,671.00000,0.44029,0.44029
1525.00000,668.00000,668.00000,0.43803,0.43803
1526.00000,669.00000,669.00000,0.43840,0.43840
1527.00000,670.00000,670.00000,0.43877,0.43877
1528.00000,671.00000,671.00000,0.43914,0.43914
1529.00000,672.00000,672.00000,0.43950,0.43950
1530.00000,669.00000,669.00000,0.43725,0.43725
1531.00000,670.00000,670.00000,0.43762,0.43762
1532.00000,671.00000,671.00000,0.43799,0.43799
1533.00000,672.00000,672.00000,0.43836,0.43836
1534.00000,673.00000,673.00000,0.43872,0.43872
1535.00000,674.00000,674.00000,0.43909,0.43909
1536.00000,675.00000,675.00000,0.43945,0.43945
1537.00000,676.00000,676.00000,0.43982,0.43982
1538.00000,677.00000,677.00000,0.44018,0.44018
1539.00000,678.00000,678.00000,0.44055,0.44055
1540.00000,679.00000,679.00000,0.44091,0.44091
1541.00000,680.00000,680.00000,0.44127,0.44127
1542.00000,681.00000,681.00000,0.44163,0.44163
1543.00000,682.00000,682.00000,0.44200,0.44200
1544.00000,683.00000,683.00000,0.44236,0.44236
1545.00000,684.00000,684.00000,0.44272,0.44272
1546.00000,685.00000,685.00000,0.44308,0.44308
1547.00000,686.00000,686.00000,0.44344,0.44344
1548.00000,687.00000,687.00000,0.44380,0.44380
1549.00000,688.00000,688.00000,0.44416,0.44416
1550.00000,685.00000,685.00000,0.44194,0.44194
1551.00000,686.00000,686.00000,0.44230,0.44230
1552.00000,687.00000,687.00000,0.44265,0.44265
1553.00000,688.00000,688.00000,0.44301,0.44301
1554.00000,689.00000,689.00000,0.44337,0.44337
1555.00000,690.00000,690.00000,0.44373,0.44373
1556.00000,691.00000,691.00000,0.44409,0.44409
1557.00000,692.00000,692.00000,0.44444,0.44444
1558.00000,689.00000,689.00000,0.44223,0.44223
1559.00000,690.00000,690.00000,0.44259,0.44259
1560.00000,687.00000,687.00000,0.44038,0.44038
1561.00000,684.00000,684.00000,0.43818,0.43818
1562.00000,681.00000,681.00000,0.43598,0.43598
1563.00000,678.00000,678.00000,0.43378,0.43378
1564.00000,675.00000,675.00000,0.43159,0.43159
1565.00000,676.00000,676.00000,0.43195,0.43195
1566.00000,673.00000,673.00000,0.42976,0.42976
1567.00000,670.00000,670.00000,0.42757,0.42757
1568.00000,671.00000,671.00000,0.42793,0.42793
1569.00000,672.00000,672.00000,0.42830,0.42830
1570.00000,673.00000,673.00000,0.42866,0.42866
1571.00000,674.00000,674.00000,0.42903,0.42903
1572.00000,675.00000,675.00000,0.42939,0.42939
1573.00000,676.00000,676.00000,0.42975,0.42975
1574.00000,677.00000,677.00000,0.43011,0.43011
1575.00000,678.00000,678.00000,0.43048,0.43048
1576.00000,679.00000,679.00000,0.43084,0.43084
1577.00000,680.00000,680.00000,0.43120,0.43120
1578.00000,681.00000,681.00000,0.43156,0.43156
1579.00000,678.00000,678.00000,0.42939,0.42939
1580.00000,675.00000,675.00000,0.42722,0.42722
1581.00000,676.00000,676.00000,0.42758,0.42758
1582.00000,677.00000,677.00000,0.42794,0.42794
1583.00000,678.00000,678.00000,0.42830,0.42830
1584.00000,679.00000,679.00000,0.42866,0.42866
1585.00000,680.00000,680.00000,0.42902,0.42902
1586.00000,681.00000,681.00000,0.42938,0.42938
1587.00000,682.00000,682.00000,0.42974,0.42974
1588.00000,683.00000,683.00000,0.43010,0.43010
1589.00000,684.00000,684.00000,0.43046,0.43046
1590.00000,685.00000,685.00000,0.43082,0.43082
1591.00000,686.00000,686.00000,0.43118,0.43118
1592.00000,687.00000,687.00000,0.43153,0.43153
1593.00000,688.00000,688.00000,0.43189,0.43189
1594.00000,689.00000,689.00000,0.43225,0.43225
1595.00000,690.00000,690.00000,0.43260,0.43260
1596.00000,691.00000,691.00000,0.43296,0.43296
1597.00000,688.00000,688.00000,0.43081,0.43081
1598.00000,689.00000,689.00000,0.43116,0.43116
1599.00000,690.00000,690.00000,0.43152,0.43152
1600.00000,691.00000,691.00000,0.43188,0.43188
1601.00000,692.00000,692.00000,0.43223,0.43223
1602.00000,693.00000,693.00000,0.43258,0.43258
1603.00000,694.00000,694.00000,0.43294,0.43294
1604.00000,695.00000,695.00000,0.43329,0.43329
1605.00000,696.00000,696.00000,0.43364,0.43364
1606.00000,697.00000,697.00000,0.43400,0.43400
1607.00000,698.00000,698.00000,0.43435,0.43435
1608.00000,699.00000,699.00000,0.43470,0.43470
1609.00000,700.00000,700.00000,0.43505,0.43505
1610.00000,697.00000,697.00000,0.43292,0.43292
1611.00000,698.00000,698.00000,0.43327,0.43327
1612.00000,699.00000,699.00000,0.43362,0.43362
1613.00000,700.00000,700.00000,0.43397,0.43397
1614.00000,701.00000,701.00000,0.43432,0.43432
1615.00000,702.00000,702.00000,0.43467,0.43467
1616.00000,703.00000,703.00000,0.43502,0.43502
1617.00000,704.00000,704.00000,0.43537,0.43537
1618.00000,705.00000,705.00000,0.43572,0.43572
1619.00000,706.00000,706.00000,0.43607,0.43607
1620.00000,707.00000,707.00000,0.43642,0.43642
1621.00000,708.00000,708.00000,0.43677,0.43677
1622.00000,705.00000,705.00000,0.43465,0.43465
1623.00000,706.00000,706.00000,0.43500,0.43500
1624.00000,707.00000,707.00000,0.43534,0.43534
1625.00000,708.00000,708.00000,0.43569,0.43569
1626.00000,709.00000,709.00000,0.43604,0.43604
1627.00000,706.00000,706.00000,0.43393,0.43393
1628.00000,703.00000,703.00000,0.43182,0.43182
1629.00000,704.00000,704.00000,0.43217,0.43217
1630.00000,705.00000,705.00000,0.43252,0.43252
1631.00000,706.00000,706.00000,0.43286,0.43286
1632.00000,707.00000,707.00000,0.43321,0.43321
1633.00000,708.00000,708.00000,0.43356,0.43356
1634.00000,709.00000,709.00000,0.43390,0.43390
1635.00000,710.00000,710.00000,0.43425,0.43425
1636.00000,711.00000,711.00000,0.43460,0.43460
1637.00000,712.00000,712.00000,0.43494,0.43494
1638.00000,713.00000,713.00000,0.43529,0.43529
1639.00000,714.00000,714.00000,0.43563,0.43563
1640.00000,715.00000,715.00000,0.43598,0.43598
1641.00000,716.00000,716.00000,0.43632,0.43632
1642.00000,717.00000,717.00000,0.43666,0.43666
1643.00000,718.00000,718.00000,0.43701,0.43701
1644.00000,719.00000,719.00000,0.43735,0.43735
1645.00000,720.00000,720.00000,0.43769,0.43769
1646.00000,721.00000,721.00000,0.43803,0.43803
1647.00000,722.00000,722.00000,0.43837,0.43837
1648.00000,723.00000,723.00000,0.43871,0.43871
1649.00000,724.00000,724.00000,0.43905,0.43905
1650.00000,725.00000,725.00000,0.43939,0.43939
1651.00000,726.00000,726.00000,0.43973,0.43973
1652.00000,727.00000,727.00000,0.44007,0.44007
1653.00000,728.00000,728.00000,0.44041,0.44041
1654.00000,729.00000,729.00000,0.44075,0.44075
1655.00000,730.00000,730.00000,0.44109,0.44109
1656.00000,731.00000,731.00000,0.44143,0.44143
1657.00000,732.00000,732.00000,0.44176,0.44176
1658.00000,733.00000,733.00000,0.44210,0.44210
1659.00000,734.00000,734.00000,0.44244,0.44244
1660.00000,735.00000,735.00000,0.44277,0.44277
1661.00000,736.00000,736.00000,0.44311,0.44311
1662.00000,737.00000,737.00000,0.44344,0.44344
1663.00000,738.00000,738.00000,0.44378,0.44378
1664.00000,739.00000,739.00000,0.44411,0.44411
1665.00000,740.00000,740.00000,0.44444,0.44444
1666.00000,730.00000,730.00000,0.43818,0.43818
1667.00000,731.00000,731.00000,0.43851,0.43851
1668.00000,732.00000,732.00000,0.43885,0.43885
1669.00000,733.00000,733.00000,0.43919,0.43919
1670.00000,730.00000,730.00000,0.43713,0.43713
1671.00000,731.00000,731.00000,0.43746,0.43746
1672.00000,732.00000,732.00000,0.43780,0.43780
1673.00000,733.00000,733.00000,0.43814,0.43814
1674.00000,734.00000,734.00000,0.43847,0.43847
1675.00000,735.00000,735.00000,0.43881,0.43881
1676.00000,736.00000,736.00000,0.43914,0.43914
1677.00000,737.00000,737.00000,0.43948,0.43948
1678.00000,738.00000,738.00000,0.43981,0.43981
1679.00000,739.00000,739.00000,0.44014,0.44014
1680.00000,740.00000,740.00000,0.44048,0.44048
1681.00000,741.00000,741.00000,0.44081,0.44081
1682.00000,742.00000,742.00000,0.44114,0.44114
1683.00000,743.00000,743.00000,0.44147,0.44147
1684.00000,744.00000,744.00000,0.44181,0.44181
1685.00000,745.00000,745.00000,0.44214,0.44214
1686.00000,746.00000,746.00000,0.44247,0.44247
1687.00000,747.00000,747.00000,0.44280,0.44280
1688.00000,744.00000,744.00000,0.44076,0.44076
1689.00000,745.00000,745.00000,0.44109,0.44109
1690.00000,746.00000,746.00000,0.44142,0.44142
1691.00000,747.00000,747.00000,0.44175,0.44175
1692.00000,748.00000,748.00000,0.44208,0.44208
1693.00000,749.00000,749.00000,0.44241,0.44241
1694.00000,750.00000,750.00000,0.44274,0.44274
1695.00000,751.00000,751.00000,0.44307,0.44307
1696.00000,752.00000,752.00000,0.44340,0.44340
1697.00000,753.00000,753.00000,0.44372,0.44372
1698.00000,754.00000,754.00000,0.44405,0.44405
1699.00000,755.00000,755.00000,0.44438,0.44438
1700.00000,756.00000,756.00000,0.44471,0.44471
1701.00000,757.00000,757.00000,0.44503,0.44503
1702.00000,758.00000,758.00000,0.44536,0.44536
1703.00000,755.00000,755.00000,0.44334,0.44334
1704.00000,756.00000,756.00000,0.44366,0.44366
1705.00000,757.00000,757.00000,0.44399,0.44399
1706.00000,758.00000,758.00000,0.44431,0.44431
1707.00000,759.00000,759.00000,0.44464,0.44464
1708.00000,760.00000,760.00000,0.44496,0.44496
1709.00000,761.00000,761.00000,0.44529,0.44529
1710.00000,762.00000,762.00000,0.44561,0.44561
1711.00000,763.00000,763.00000,0.44594,0.44594
1712.00000,764.00000,764.00000,0.44626,0.44626
1713.00000,765.00000,765.00000,0.44658,0.44658
1714.00000,766.00000,766.00000,0.44691,0.44691
1715.00000,767.00000,767.00000,0.44723,0.44723
1716.00000,768.00000,768.00000,0.44755,0.44755
1717.00000,769.00000,769.00000,0.44787,0.44787
1718.00000,770.00000,770.00000,0.44820,0.44820
1719.00000,771.00000,771.00000,0.44852,0.44852
1720.00000,772.00000,772.00000,0.44884,0.44884
1721.00000,773.00000,773.00000,0.44916,0.44916
1722.00000,774.00000,774.00000,0.44948,0.44948
1723.00000,775.00000,775.00000,0.44980,0.44980
1724.00000,776.00000,776.00000,0.45012,0.45012
1725.00000,777.00000,777.00000,0.45043,0.45043
1726.00000,778.00000,778.00000,0.45075,0.45075
1727.00000,779.00000,779.00000,0.45107,0.45107
1728.00000,780.00000,780.00000,0.45139,0.45139
1729.00000,777.00000,777.00000,0.44939,0.44939
1730.00000,774.00000,774.00000,0.44740,0.44740
1731.00000,775.00000,775.00000,0.44772,0.44772
1732.00000,772.00000,772.00000,0.44573,0.44573
1733.00000,773.00000,773.00000,0.44605,0.44605
1734.00000,774.00000,774.00000,0.44637,0.44637
1735.00000,775.00000,775.00000,0.44669,0.44669
1736.00000,776.00000,776.00000,0.44700,0.44700
1737.00000,777.00000,777.00000,0.44732,0.44732
1738.00000,778.00000,778.00000,0.44764,0.44764
1739.00000,779.00000,779.00000,0.44796,0.44796
1740.00000,780.00000,780.00000,0.44828,0.44828
1741.00000,781.00000,781.00000,0.44859,0.44859
1742.00000,782.00000,782.00000,0.44891,0.44891
1743.00000,783.00000,783.00000,0.44923,0.44923
1744.00000,784.00000,784.00000,0.44954,0.44954
1745.00000,785.00000,785.00000,0.44986,0.44986
1746.00000,786.00000,786.00000,0.45017,0.45017
1747.00000,787.00000,787.00000,0.45049,0.45049
1748.00000,788.00000,788.00000,0.45080,0.45080
1749.00000,789.00000,789.00000,0.45111,0.45111
1750.00000,790.00000,790.00000,0.45143,0.45143
1751.00000,791.00000,791.00000,0.45174,0.45174
1752.00000,792.00000,792.00000,0.45205,0.45205
1753.00000,793.00000,793.00000,0.45237,0.45237
1754.00000,794.00000,794.00000,0.45268,0.45268
1755.00000,795.00000,795.00000,0.45299,0.45299
1756.00000,796.00000,796.00000,0.45330,0.45330
1757.00000,797.00000,797.00000,0.45361,0.45361
1758.00000,798.00000,798.00000,0.45392,0.45392
1759.00000,799.00000,799.00000,0.45424,0.45424
1760.00000,800.00000,800.00000,0.45455,0.45455
1761.00000,801.00000,801.00000,0.45486,0.45486
1762.00000,802.00000,802.00000,0.45516,0.45516
1763.00000,803.00000,803.00000,0.45547,0.45547
1764.00000,804.00000,804.00000,0.45578,0.45578
1765.00000,805.00000,805.00000,0.45609,0.45609
1766.00000,806.00000,806.00000,0.45640,0.45640
1767.00000,807.00000,807.00000,0.45671,0.45671
1768.00000,808.00000,808.00000,0.45701,0.45701
1769.00000,805.00000,805.00000,0.45506,0.45506
1770.00000,802.00000,802.00000,0.45311,0.45311
1771.00000,803.00000,803.00000,0.45342,0.45342
1772.00000,804.00000,804.00000,0.45372,0.45372
1773.00000,805.00000,805.00000,0.45403,0.45403
1774.00000,806.00000,806.00000,0.45434,0.45434
1775.00000,807.00000,807.00000,0.45465,0.45465
1776.00000,808.00000,808.00000,0.45495,0.45495
1777.00000,809.00000,809.00000,0.45526,0.45526
1778.00000,810.00000,810.00000,0.45557,0.45557
1779.00000,811.00000,811.00000,0.45587,0.45587
1780.00000,812.00000,812.00000,0.45618,0.45618
1781.00000,813.00000,813.00000,0.45649,0.45649
1782.00000,814.00000,814.00000,0.45679,0.45679
1783.00000,815.00000,815.00000,0.45709,0.45709
1784.00000,816.00000,816.00000,0.45740,0.45740
1785.00000,817.00000,817.00000,0.45770,0.45770
1786.00000,818.00000,818.00000,0.45801,0.45801
1787.00000,819.00000,819.00000,0.45831,0.45831
1788.00000,820.00000,820.00000,0.45861,0.45861
1789.00000,821.00000,821.00000,0.45892,0.45892
1790.00000,822.00000,822.00000,0.45922,0.45922
1791.00000,823.00000,823.00000,0.45952,0.45952
1792.00000,820.00000,820.00000,0.45759,0.45759
1793.00000,817.00000,817.00000,0.45566,0.45566
1794.00000,814.00000,814.00000,0.45373,0.45373
1795.00000,811.00000,811.00000,0.45181,0.45181
1796.00000,808.00000,808.00000,0.44989,0.44989
1797.00000,809.00000,809.00000,0.45019,0.45019
1798.00000,806.00000,806.00000,0.44828,0.44828
1799.00000,803.00000,803.00000,0.44636,0.44636
1800.00000,804.00000,804.00000,0.44667,0.44667
1801.00000,805.00000,805.00000,0.44697,0.44697
1802.00000,806.00000,806.00000,0.44728,0.44728
1803.00000,807.00000,807.00000,0.44759,0.44759
1804.00000,808.00000,808.00000,0.44789,0.44789
1805.00000,809.00000,809.00000,0.44820,0.44820
1806.00000,810.00000,810.00000,0.44850,0.44850
1807.00000,811.00000,811.00000,0.44881,0.44881
1808.00000,812.00000,812.00000,0.44912,0.44912
1809.00000,813.00000,813.00000,0.44942,0.44942
1810.00000,814.00000,814.00000,0.44972,0.44972
1811.00000,815.00000,815.00000,0.45003,0.45003
1812.00000,816.00000,816.00000,0.45033,0.45033
1813.00000,806.00000,806.00000,0.44457,0.44457
1814.00000,807.00000,807.00000,0.44487,0.44487
1815.00000,808.00000,808.00000,0.44518,0.44518
1816.00000,809.00000,809.00000,0.44548,0.44548
1817.00000,810.00000,810.00000,0.44579,0.44579
1818.00000,811.00000,811.00000,0.44609,0.44609
1819.00000,812.00000,812.00000,0.44640,0.44640
1820.00000,813.00000,813.00000,0.44670,0.44670
1821.00000,814.00000,814.00000,0.44701,0.44701
1822.00000,815.00000,815.00000,0.44731,0.44731
1823.00000,816.00000,816.00000,0.44761,0.44761
1824.00000,817.00000,817.00000,0.44792,0.44792
1825.00000,818.00000,818.00000,0.44822,0.44822
1826.00000,819.00000,819.00000,0.44852,0.44852
1827.00000,820.00000,820.00000,0.44882,0.44882
1828.00000,821.00000,821.00000,0.44912,0.44912
1829.00000,822.00000,822.00000,0.44943,0.44943
1830.00000,823.00000,823.00000,0.44973,0.44973
1831.00000,820.00000,820.00000,0.44784,0.44784
1832.00000,821.00000,821.00000,0.44814,0.44814
1833.00000,818.00000,818.00000,0.44626,0.44626
1834.00000,819.00000,819.00000,0.44656,0.44656
1835.00000,820.00000,820.00000,0.44687,0.44687
1836.00000,821.00000,821.00000,0.44717,0.44717
1837.00000,822.00000,822.00000,0.44747,0.44747
1838.00000,823.00000,823.00000,0.44777,0.44777
1839.00000,820.00000,820.00000,0.44589,0.44589
1840.00000,821.00000,821.00000,0.44620,0.44620
1841.00000,822.00000,822.00000,0.44650,0.44650
1842.00000,823.00000,823.00000,0.44680,0.44680
1843.00000,824.00000,824.00000,0.44710,0.44710
1844.00000,825.00000,825.00000,0.44740,0.44740
1845.00000,826.00000,826.00000,0.44770,0.44770
1846.00000,827.00000,827.00000,0.44800,0.44800
1847.00000,828.00000,828.00000,0.44829,0.44829
1848.00000,829.00000,829.00000,0.44859,0.44859
1849.00000,830.00000,830.00000,0.44889,0.44889
1850.00000,831.00000,831.00000,0.44919,0.44919
1851.00000,832.00000,832.00000,0.44949,0.44949
1852.00000,833.00000,833.00000,0.44978,0.44978
1853.00000,834.00000,834.00000,0.45008,0.45008
1854.00000,835.00000,835.00000,0.45038,0.45038
1855.00000,836.00000,836.00000,0.45067,0.45067
1856.00000,837.00000,837.00000,0.45097,0.45097
1857.00000,838.00000,838.00000,0.45127,0.45127
1858.00000,839.00000,839.00000,0.45156,0.45156
1859.00000,840.00000,840.00000,0.45186,0.45186
1860.00000,841.00000,841.00000,0.45215,0.45215
1861.00000,842.00000,842.00000,0.45244,0.45244
1862.00000,843.00000,843.00000,0.45274,0.45274
1863.00000,844.00000,844.00000,0.45303,0.45303
1864.00000,845.00000,845.00000,0.45333,0.45333
1865.00000,842.00000,842.00000,0.45147,0.45147
1866.00000,839.00000,839.00000,0.44962,0.44962
1867.00000,840.00000,840.00000,0.44992,0.44992
1868.00000,841.00000,841.00000,0.45021,0.45021
1869.00000,842.00000,842.00000,0.45051,0.45051
1870.00000,843.00000,843.00000,0.45080,0.45080
1871.00000,844.00000,844.00000,0.45110,0.45110
1872.00000,845.00000,845.00000,0.45139,0.45139
1873.00000,846.00000,846.00000,0.45168,0.45168
1874.00000,847.00000,847.00000,0.45197,0.45197
1875.00000,848.00000,848.00000,0.45227,0.45227
1876.00000,849.00000,849.00000,0.45256,0.45256
1877.00000,846.00000,846.00000,0.45072,0.45072
1878.00000,847.00000,847.00000,0.45101,0.45101
1879.00000,848.00000,848.00000,0.45130,0.45130
1880.00000,849.00000,849.00000,0.45160,0.45160
1881.00000,850.00000,850.00000,0.45189,0.45189
1882.00000,851.00000,851.00000,0.45218,0.45218
1883.00000,852.00000,852.00000,0.45247,0.45247
1884.00000,853.00000,853.00000,0.45276,0.45276
1885.00000,854.00000,854.00000,0.45305,0.45305
1886.00000,855.00000,855.00000,0.45334,0.45334
1887.00000,856.00000,856.00000,0.45363,0.45363
1888.00000,857.00000,857.00000,0.45392,0.45392
1889.00000,858.00000,858.00000,0.45421,0.45421
1890.00000,859.00000,859.00000,0.45450,0.45450
1891.00000,860.00000,860.00000,0.45479,0.45479
1892.00000,861.00000,861.00000,0.45507,0.45507
1893.00000,862.00000,862.00000,0.45536,0.45536
1894.00000,863.00000,863.00000,0.45565,0.45565
1895.00000,864.00000,864.00000,0.45594,0.45594
1896.00000,865.00000,865.00000,0.45622,0.45622
1897.00000,866.00000,866.00000,0.45651,0.45651
1898.00000,867.00000,867.00000,0.45680,0.45680
1899.00000,868.00000,868.00000,0.45708,0.45708
1900.00000,869.00000,869.00000,0.45737,0.45737
1901.00000,870.00000,870.00000,0.45765,0.45765
1902.00000,871.00000,871.00000,0.45794,0.45794
1903.00000,872.00000,872.00000,0.45822,0.45822
1904.00000,873.00000,873.00000,0.45851,0.45851
1905.00000,874.00000,874.00000,0.45879,0.45879
1906.00000,875.00000,875.00000,0.45908,0.45908
1907.00000,876.00000,876.00000,0.45936,0.45936
1908.00000,873.00000,873.00000,0.45755,0.45755
1909.00000,874.00000,874.00000,0.45783,0.45783
1910.00000,871.00000,871.00000,0.45602,0.45602
1911.00000,868.00000,868.00000,0.45421,0.45421
1912.00000,865.00000,865.00000,0.45241,0.45241
1913.00000,866.00000,866.00000,0.45269,0.45269
1914.00000,863.00000,863.00000,0.45089,0.45089
1915.00000,864.00000,864.00000,0.45117,0.45117
1916.00000,865.00000,865.00000,0.45146,0.45146
1917.00000,866.00000,866.00000,0.45175,0.45175
1918.00000,867.00000,867.00000,0.45203,0.45203
1919.00000,868.00000,868.00000,0.45232,0.45232
1920.00000,869.00000,869.00000,0.45260,0.45260
1921.00000,870.00000,870.00000,0.45289,0.45289
1922.00000,867.00000,867.00000,0.45109,0.45109
1923.00000,864.00000,864.00000,0.44930,0.44930
1924.00000,865.00000,865.00000,0.44958,0.44958
1925.00000,866.00000,866.00000,0.44987,0.44987
1926.00000,867.00000,867.00000,0.45016,0.45016
1927.00000,868.00000,868.00000,0.45044,0.45044
1928.00000,869.00000,869.00000,0.45073,0.45073
1929.00000,870.00000,870.00000,0.45101,0.45101
1930.00000,871.00000,871.00000,0.45130,0.45130
1931.00000,872.00000,872.00000,0.45158,0.45158
1932.00000,873.00000,873.00000,0.45186,0.45186
1933.00000,870.00000,870.00000,0.45008,0.45008
1934.00000,867.00000,867.00000,0.44829,0.44829
1935.00000,864.00000,864.00000,0.44651,0.44651
1936.00000,861.00000,861.00000,0.44473,0.44473
1937.00000,862.00000,862.00000,0.44502,0.44502
1938.00000,863.00000,863.00000,0.44530,0.44530
1939.00000,864.00000,864.00000,0.44559,0.44559
1940.00000,865.00000,865.00000,0.44588,0.44588
1941.00000,866.00000,866.00000,0.44616,0.44616
1942.00000,856.00000,856.00000,0.44078,0.44078
1943.00000,857.00000,857.00000,0.44107,0.44107
1944.00000,858.00000,858.00000,0.44136,0.44136
1945.00000,859.00000,859.00000,0.44165,0.44165
1946.00000,860.00000,860.00000,0.44193,0.44193
1947.00000,861.00000,861.00000,0.44222,0.44222
1948.00000,862.00000,862.00000,0.44251,0.44251
1949.00000,863.00000,863.00000,0.44279,0.44279
1950.00000,860.00000,860.00000,0.44103,0.44103
